"Time","Symbol","Side","Type","Size","Price","Trade Value","Fee","Realized PnL"
"2025-11-07 09:49:16","PAXG","Open Long","Fulfill Maker","0.276 PAXG","3,991.5","$1,101.65","$0.17","-$0.17"
"2025-11-07 09:49:09","PAXG","Open Long","Fulfill Maker","0.003 PAXG","3,991.5","$11.97","$0","-$0"
"2025-11-07 09:49:04","PAXG","Open Long","Fulfill Maker","0.001 PAXG","3,991.5","$3.99","$0","-$0"
"2025-11-07 09:48:58","PAXG","Open Long","Fulfill Maker","0.001 PAXG","3,991.5","$3.99","$0","-$0"
"2025-11-07 09:48:53","PAXG","Open Long","Fulfill Maker","0.001 PAXG","3,991.5","$3.99","$0","-$0"
"2025-11-07 09:48:42","PAXG","Open Long","Fulfill Maker","0.001 PAXG","3,991.5","$3.99","$0","-$0"
"2025-11-07 09:48:37","PAXG","Open Long","Fulfill Maker","0.001 PAXG","3,991.5","$3.99","$0","-$0"
"2025-11-07 09:48:31","PAXG","Open Long","Fulfill Maker","0.001 PAXG","3,991.5","$3.99","$0","-$0"
"2025-11-07 09:48:21","PAXG","Open Long","Fulfill Maker","0.001 PAXG","3,991.5","$3.99","$0","-$0"
"2025-11-07 09:47:54","PAXG","Open Long","Fulfill Maker","0.003 PAXG","3,991.5","$11.97","$0","-$0"
"2025-11-07 09:47:32","PAXG","Open Long","Fulfill Maker","0.003 PAXG","3,991.5","$11.97","$0","-$0"
"2025-11-07 09:47:21","PAXG","Open Long","Fulfill Maker","0.003 PAXG","3,991.5","$11.97","$0","-$0"
"2025-11-07 09:47:16","PAXG","Open Long","Fulfill Maker","0.001 PAXG","3,991.5","$3.99","$0","-$0"
"2025-11-07 09:46:49","PAXG","Open Long","Fulfill Maker","0.003 PAXG","3,991.5","$11.97","$0","-$0"
"2025-11-07 09:46:28","PAXG","Open Long","Fulfill Maker","0.003 PAXG","3,991.5","$11.97","$0","-$0"
"2025-11-07 09:45:34","PAXG","Open Long","Fulfill Maker","0.003 PAXG","3,991.5","$11.97","$0","-$0"
"2025-11-07 09:45:29","PAXG","Open Long","Fulfill Maker","0.001 PAXG","3,991.5","$3.99","$0","-$0"
"2025-11-07 09:45:12","PAXG","Open Long","Fulfill Maker","0.003 PAXG","3,991.5","$11.97","$0","-$0"
"2025-11-07 09:45:07","PAXG","Open Long","Fulfill Maker","0.001 PAXG","3,991.5","$3.99","$0","-$0"
"2025-11-07 09:45:02","PAXG","Open Long","Fulfill Maker","0.001 PAXG","3,991.5","$3.99","$0","-$0"
"2025-11-07 09:44:56","PAXG","Open Long","Fulfill Maker","0.001 PAXG","3,991.5","$3.99","$0","-$0"
"2025-11-07 09:44:44","PAXG","Open Long","Fulfill Maker","12.514 PAXG","3,991.5","$49,949.63","$7.49","-$7.49"
"2025-11-07 09:44:44","PAXG","Open Long","Fulfill Maker","0.306 PAXG","3,991.5","$1,221.4","$0.18","-$0.18"
"2025-11-07 09:44:19","PAXG","Open Long","Fulfill Maker","0.003 PAXG","3,991.5","$11.97","$0","-$0"
"2025-11-07 09:43:42","PAXG","Open Long","Fulfill Maker","0.001 PAXG","3,991.5","$3.99","$0","-$0"
"2025-11-07 09:43:32","PAXG","Open Long","Fulfill Maker","14.017 PAXG","3,991.5","$55,948.86","$8.39","-$8.39"
"2025-11-07 09:43:32","PAXG","Open Long","Fulfill Maker","0.31 PAXG","3,991.5","$1,237.37","$0.19","-$0.19"
"2025-11-07 09:43:15","PAXG","Open Long","Fulfill Maker","0.003 PAXG","3,991.5","$11.97","$0","-$0"
"2025-11-07 09:43:07","PAXG","Open Long","Fulfill Maker","15.761 PAXG","3,991.5","$62,910.03","$9.44","-$9.44"
"2025-11-07 07:57:09","PAXG","Close Long","Fulfill Taker","8.445 PAXG","3,999.8","$33,778.31","$13.51","+$157.89"
"2025-11-07 07:56:10","PAXG","Close Long","Fulfill Taker","18.943 PAXG","3,999.2","$75,756.85","$30.3","+$342.79"
"2025-11-07 07:56:10","PAXG","Close Long","Fulfill Taker","0.3 PAXG","3,999.2","$1,199.76","$0.48","+$5.43"
"2025-11-07 07:55:22","PAXG","Close Long","Fulfill Taker","8.566 PAXG","3,999","$34,255.43","$13.7","+$153.3"
"2025-11-07 07:55:22","PAXG","Close Long","Fulfill Taker","0.006 PAXG","3,999.1","$23.99","$0.01","+$0.11"
"2025-11-07 07:55:22","PAXG","Close Long","Fulfill Taker","0.307 PAXG","3,999.1","$1,227.72","$0.49","+$5.52"
"2025-11-07 07:54:58","PAXG","Close Long","Fulfill Taker","11.395 PAXG","3,999","$45,568.61","$18.23","+$203.93"
"2025-11-04 13:53:34","PAXG","Open Long","Fulfill Maker","0.002 PAXG","3,958","$7.92","$0","-$0"
"2025-11-04 13:53:28","PAXG","Open Long","Fulfill Maker","0.001 PAXG","3,958","$3.96","$0","-$0"
"2025-11-04 13:53:23","PAXG","Open Long","Fulfill Maker","0.001 PAXG","3,958","$3.96","$0","-$0"
"2025-11-04 13:53:18","PAXG","Open Long","Fulfill Maker","0.001 PAXG","3,958","$3.96","$0","-$0"
"2025-11-04 13:53:07","PAXG","Open Long","Fulfill Maker","0.001 PAXG","3,958","$3.96","$0","-$0"
"2025-11-04 13:52:57","PAXG","Open Long","Fulfill Maker","5.807 PAXG","3,958","$22,984.11","$3.45","-$3.45"
"2025-11-04 13:52:23","PAXG","Open Long","Fulfill Maker","9.498 PAXG","3,957.3","$37,586.44","$5.64","-$5.64"
"2025-11-04 13:40:52","PAXG","Open Long","Fulfill Maker","7.333 PAXG","3,958","$29,024.01","$4.35","-$4.35"
"2025-11-03 15:05:34","PAXG","Open Long","Fulfill Maker","25.318 PAXG","3,999","$101,246.68","$15.19","-$15.19"
"2025-11-03 15:00:30","PAXG","Close Short","Fulfill Maker","0.001 PAXG","4,001","$4","$0","-$0.01"
"2025-11-03 15:00:19","PAXG","Close Short","Fulfill Maker","0.001 PAXG","4,001","$4","$0","-$0.01"
"2025-11-03 15:00:14","PAXG","Close Short","Fulfill Maker","0.001 PAXG","4,001","$4","$0","-$0.01"
"2025-11-03 15:00:09","PAXG","Close Short","Fulfill Maker","0.001 PAXG","4,001","$4","$0","-$0.01"
"2025-11-03 14:59:58","PAXG","Close Short","Fulfill Maker","0.001 PAXG","4,001","$4","$0","-$0.01"
"2025-11-03 14:59:42","PAXG","Close Short","Fulfill Maker","0.003 PAXG","4,001","$12","$0","-$0.03"
"2025-11-03 14:59:36","PAXG","Close Short","Fulfill Maker","0.001 PAXG","4,001","$4","$0","-$0.01"
"2025-11-03 14:59:16","PAXG","Close Short","Fulfill Maker","11.514 PAXG","4,000.1","$46,057.15","$6.91","-$88.66"
"2025-11-03 14:59:09","PAXG","Close Short","Fulfill Maker","0.003 PAXG","4,000.1","$12","$0","-$0.02"
"2025-11-03 14:58:56","PAXG","Close Short","Fulfill Maker","7.998 PAXG","4,000.1","$31,992.8","$4.8","-$61.58"
"2025-11-03 14:57:49","PAXG","Close Short","Fulfill Maker","0.001 PAXG","4,000.1","$4","$0","-$0.01"
"2025-11-03 14:57:43","PAXG","Close Short","Fulfill Maker","0.001 PAXG","4,000.1","$4","$0","-$0.01"
"2025-11-03 14:57:38","PAXG","Close Short","Fulfill Maker","0.001 PAXG","4,000.1","$4","$0","-$0.01"
"2025-11-03 14:57:34","PAXG","Close Short","Fulfill Maker","9.087 PAXG","4,000.1","$36,348.91","$5.45","-$69.97"
"2025-11-03 00:36:57","TAO","Close Short","Fulfill Maker","0.07 TAO","467","$32.69","$0","+$2.6"
"2025-11-03 00:36:57","TAO","Close Short","Fulfill Maker","2.14 TAO","467","$999.38","$0.15","+$79.51"
"2025-11-03 00:36:56","TAO","Close Short","Fulfill Maker","0.01 TAO","467","$4.67","$0","+$0.37"
"2025-11-03 00:36:56","TAO","Close Short","Fulfill Maker","2.14 TAO","467","$999.38","$0.15","+$79.51"
"2025-11-03 00:36:55","TAO","Close Short","Fulfill Maker","1.4 TAO","467","$653.8","$0.1","+$52.02"
"2025-11-03 00:36:54","TAO","Close Short","Fulfill Maker","1.96 TAO","467","$915.32","$0.14","+$72.82"
"2025-11-03 00:36:53","TAO","Close Short","Fulfill Maker","1.04 TAO","467","$485.68","$0.07","+$38.64"
"2025-11-03 00:36:52","TAO","Close Short","Fulfill Maker","0.83 TAO","467","$387.61","$0.06","+$30.84"
"2025-11-03 00:36:48","TAO","Close Short","Fulfill Maker","1.69 TAO","467","$789.23","$0.12","+$62.79"
"2025-11-03 00:36:46","TAO","Close Short","Fulfill Maker","2.14 TAO","467","$999.38","$0.15","+$79.51"
"2025-11-03 00:36:45","TAO","Close Short","Fulfill Maker","2.14 TAO","467","$999.38","$0.15","+$79.51"
"2025-11-03 00:36:42","TAO","Close Short","Fulfill Maker","0.96 TAO","467","$448.32","$0.07","+$35.67"
"2025-11-03 00:36:41","TAO","Close Short","Fulfill Maker","1.76 TAO","467","$821.92","$0.12","+$65.39"
"2025-11-03 00:36:40","TAO","Close Short","Fulfill Maker","1.08 TAO","467","$504.36","$0.08","+$40.13"
"2025-11-03 00:36:39","TAO","Close Short","Fulfill Maker","1.22 TAO","467","$569.74","$0.09","+$45.33"
"2025-11-03 00:36:38","TAO","Close Short","Fulfill Maker","2.14 TAO","467","$999.38","$0.15","+$79.51"
"2025-11-03 00:36:36","TAO","Close Short","Fulfill Maker","0.05 TAO","467","$23.35","$0","+$1.86"
"2025-11-03 00:36:36","TAO","Close Short","Fulfill Maker","1 TAO","467","$467","$0.07","+$37.15"
"2025-11-03 00:36:35","TAO","Close Short","Fulfill Maker","0.87 TAO","467","$406.29","$0.06","+$32.32"
"2025-11-03 00:36:35","TAO","Close Short","Fulfill Maker","2.07 TAO","467","$966.69","$0.15","+$76.91"
"2025-11-03 00:36:34","TAO","Close Short","Fulfill Maker","1.25 TAO","467","$583.75","$0.09","+$46.44"
"2025-11-03 00:36:33","TAO","Close Short","Fulfill Maker","0.23 TAO","467","$107.41","$0.02","+$8.55"
"2025-11-03 00:36:31","TAO","Close Short","Fulfill Maker","2.14 TAO","467","$999.38","$0.15","+$79.51"
"2025-11-03 00:36:29","TAO","Close Short","Fulfill Maker","0.67 TAO","467","$312.89","$0.05","+$24.89"
"2025-11-03 00:36:29","TAO","Close Short","Fulfill Maker","0.03 TAO","467","$14.01","$0","+$1.11"
"2025-11-03 00:36:28","TAO","Close Short","Fulfill Maker","1.49 TAO","467","$695.83","$0.1","+$55.36"
"2025-11-03 00:36:24","TAO","Close Short","Fulfill Maker","1.63 TAO","467","$761.21","$0.11","+$60.56"
"2025-11-03 00:36:23","TAO","Close Short","Fulfill Maker","1.67 TAO","467","$779.89","$0.12","+$62.05"
"2025-11-03 00:36:22","TAO","Close Short","Fulfill Maker","1.61 TAO","467","$751.87","$0.11","+$59.82"
"2025-11-03 00:36:21","TAO","Close Short","Fulfill Maker","0.94 TAO","467","$438.98","$0.07","+$34.93"
"2025-11-03 00:36:20","TAO","Close Short","Fulfill Maker","2.14 TAO","467","$999.38","$0.15","+$79.51"
"2025-11-03 00:36:19","TAO","Close Short","Fulfill Maker","1.54 TAO","467","$719.18","$0.11","+$57.22"
"2025-11-03 00:36:18","TAO","Close Short","Fulfill Maker","0.03 TAO","467","$14.01","$0","+$1.11"
"2025-11-03 00:36:16","TAO","Close Short","Fulfill Maker","1.2 TAO","467","$560.4","$0.08","+$44.59"
"2025-11-03 00:36:13","TAO","Close Short","Fulfill Maker","0.01 TAO","467","$4.67","$0","+$0.37"
"2025-11-03 00:34:48","TAO","Close Short","Fulfill Maker","0.01 TAO","467","$4.67","$0","+$0.37"
"2025-11-03 00:34:37","TAO","Close Short","Fulfill Maker","0.01 TAO","467","$4.67","$0","+$0.37"
"2025-11-03 00:31:02","TAO","Close Short","Fulfill Maker","0.07 TAO","467","$32.69","$0","+$2.6"
"2025-11-03 00:30:57","TAO","Close Short","Fulfill Maker","0.03 TAO","467","$14.01","$0","+$1.11"
"2025-11-03 00:30:56","TAO","Close Short","Fulfill Maker","1.05 TAO","467","$490.35","$0.07","+$39.01"
"2025-11-03 00:30:56","TAO","Close Short","Fulfill Maker","2.13 TAO","467","$994.71","$0.15","+$79.14"
"2025-11-03 00:30:55","TAO","Close Short","Fulfill Maker","0.1 TAO","467","$46.7","$0.01","+$3.72"
"2025-11-03 00:30:54","TAO","Close Short","Fulfill Maker","1.26 TAO","467","$588.42","$0.09","+$46.81"
"2025-11-03 00:30:53","TAO","Close Short","Fulfill Maker","21.41 TAO","467","$9,998.47","$1.5","+$795.48"
"2025-11-03 00:30:53","TAO","Close Short","Fulfill Maker","0.95 TAO","467","$443.65","$0.07","+$35.3"
"2025-11-02 15:16:34","PAXG","Open Short","Fulfill Taker","11.696 PAXG","3,993","$46,702.13","$18.68","-$18.68"
"2025-11-02 15:14:46","PAXG","Open Short","Fulfill Taker","6.196 PAXG","3,993","$24,740.63","$9.9","-$9.9"
"2025-11-02 15:12:02","PAXG","Open Short","Fulfill Taker","0.003 PAXG","3,993","$11.98","$0","-$0"
"2025-11-02 15:12:02","PAXG","Open Short","Fulfill Taker","10.719 PAXG","3,993","$42,800.97","$17.12","-$17.12"
"2025-11-02 15:09:05","TAO","Close Short","Fulfill Maker","182.82 TAO","488","$89,216.16","$13.38","+$2,952.8"
"2025-11-02 15:09:05","TAO","Close Short","Fulfill Maker","0.01 TAO","488","$4.88","$0","+$0.16"
"2025-11-02 15:08:44","TAO","Close Short","Fulfill Taker","98.42 TAO","488","$48,028.96","$19.21","+$1,577.62"
"2025-11-02 13:30:02","MON","Close Long","Fulfill Maker","25569 MON","0.04264","$1,090.26","$0.16","-$152.19"
"2025-11-02 13:30:02","MON","Close Long","Fulfill Maker","23429 MON","0.04264","$999.01","$0.15","-$139.45"
"2025-11-02 13:30:02","MON","Close Long","Fulfill Maker","23429 MON","0.04264","$999.01","$0.15","-$139.45"
"2025-11-02 13:30:02","MON","Close Long","Fulfill Maker","23429 MON","0.04264","$999.01","$0.15","-$139.45"
"2025-11-02 13:29:48","MON","Close Long","Fulfill Taker","6584 MON","0.04264","$280.74","$0.11","-$39.26"
"2025-11-02 05:54:59","TAO","Open Short","Fulfill Taker","80.94 TAO","504.3","$40,818.04","$16.33","-$16.33"
"2025-11-02 05:54:41","TAO","Open Short","Fulfill Taker","182.29 TAO","504.3","$91,928.85","$36.77","-$36.77"
"2025-11-02 05:54:09","TAO","Open Short","Fulfill Taker","88.33 TAO","504","$44,518.32","$17.81","-$17.81"
"2025-11-02 04:50:07","PAXG","Close Long","Fulfill Maker","6.611 PAXG","3,998","$26,430.78","$3.96","-$50.84"
"2025-11-02 04:49:19","PAXG","Close Long","Fulfill Maker","2.97 PAXG","3,998","$11,874.06","$1.78","-$22.84"
"2025-11-02 04:48:03","PAXG","Close Long","Fulfill Maker","3.738 PAXG","3,998","$14,944.52","$2.24","-$28.75"
"2025-11-02 04:47:46","PAXG","Close Long","Fulfill Maker","0.033 PAXG","3,998","$131.93","$0.02","-$0.25"
"2025-11-02 04:47:44","PAXG","Close Long","Fulfill Maker","0.001 PAXG","3,998","$4","$0","-$0.01"
"2025-11-02 04:47:39","PAXG","Close Long","Fulfill Maker","0.001 PAXG","3,998","$4","$0","-$0.01"
"2025-11-02 04:47:33","PAXG","Close Long","Fulfill Maker","0.001 PAXG","3,998","$4","$0","-$0.01"
"2025-11-02 04:47:32","PAXG","Close Long","Fulfill Maker","2.32 PAXG","3,998","$9,275.36","$1.39","-$17.84"
"2025-11-02 04:47:32","PAXG","Close Long","Fulfill Maker","0.036 PAXG","3,998","$143.93","$0.02","-$0.28"
"2025-11-02 04:47:23","PAXG","Close Long","Fulfill Maker","0.001 PAXG","3,998","$4","$0","-$0.01"
"2025-11-02 04:47:17","PAXG","Close Long","Fulfill Maker","0.001 PAXG","3,998","$4","$0","-$0.01"
"2025-11-02 04:47:16","PAXG","Close Long","Fulfill Maker","0.049 PAXG","3,998","$195.9","$0.03","-$0.38"
"2025-11-02 04:47:12","PAXG","Close Long","Fulfill Maker","0.001 PAXG","3,998","$4","$0","-$0.01"
"2025-11-02 04:47:01","PAXG","Close Long","Fulfill Maker","0.001 PAXG","3,998","$4","$0","-$0.01"
"2025-11-02 04:46:46","PAXG","Close Long","Fulfill Maker","0.049 PAXG","3,998","$195.9","$0.03","-$0.38"
"2025-11-02 04:46:35","PAXG","Close Long","Fulfill Maker","0.003 PAXG","3,998","$11.99","$0","-$0.02"
"2025-11-02 04:46:16","PAXG","Close Long","Fulfill Maker","0.049 PAXG","3,998","$195.9","$0.03","-$0.38"
"2025-11-02 04:46:13","PAXG","Close Long","Fulfill Maker","0.003 PAXG","3,998","$11.99","$0","-$0.02"
"2025-11-02 04:46:11","PAXG","Close Long","Fulfill Maker","1.978 PAXG","3,998","$7,908.04","$1.19","-$15.21"
"2025-11-02 04:46:11","PAXG","Close Long","Fulfill Maker","0.193 PAXG","3,998","$771.61","$0.12","-$1.48"
"2025-11-02 04:45:46","PAXG","Close Long","Fulfill Maker","0.049 PAXG","3,998","$195.9","$0.03","-$0.38"
"2025-11-02 04:45:45","PAXG","Close Long","Fulfill Maker","0.003 PAXG","3,998","$11.99","$0","-$0.02"
"2025-11-02 04:45:35","PAXG","Close Long","Fulfill Maker","0.003 PAXG","3,998","$11.99","$0","-$0.02"
"2025-11-02 04:45:30","PAXG","Close Long","Fulfill Maker","0.001 PAXG","3,998","$4","$0","-$0.01"
"2025-11-02 04:45:24","PAXG","Close Long","Fulfill Maker","0.001 PAXG","3,998","$4","$0","-$0.01"
"2025-11-02 04:45:19","PAXG","Close Long","Fulfill Maker","0.001 PAXG","3,998","$4","$0","-$0.01"
"2025-11-02 04:45:16","PAXG","Close Long","Fulfill Maker","0.049 PAXG","3,998","$195.9","$0.03","-$0.38"
"2025-11-02 04:45:12","PAXG","Close Long","Fulfill Maker","2.605 PAXG","3,998","$10,414.79","$1.56","-$20.03"
"2025-11-02 04:44:21","PAXG","Close Long","Fulfill Maker","2.561 PAXG","3,998","$10,238.88","$1.54","-$19.7"
"2025-11-02 04:44:20","PAXG","Close Long","Fulfill Maker","0.003 PAXG","3,998","$11.99","$0","-$0.02"
"2025-11-02 04:43:21","PAXG","Close Long","Fulfill Maker","3.18 PAXG","3,998","$12,713.64","$1.91","-$24.46"
"2025-11-02 04:43:16","PAXG","Close Long","Fulfill Maker","0.002 PAXG","3,998","$8","$0","-$0.02"
"2025-11-02 04:43:06","PAXG","Close Long","Fulfill Maker","0.003 PAXG","3,998","$11.99","$0","-$0.02"
"2025-11-02 04:43:00","PAXG","Close Long","Fulfill Maker","0.001 PAXG","3,998","$4","$0","-$0.01"
"2025-11-02 04:42:58","PAXG","Close Long","Fulfill Maker","2.129 PAXG","3,998","$8,511.74","$1.28","-$16.37"
"2025-11-02 04:42:35","PAXG","Close Long","Fulfill Maker","6.135 PAXG","3,998","$24,527.73","$3.68","-$47.18"
"2025-11-02 04:31:17","PAXG","Close Long","Fulfill Maker","6.135 PAXG","3,997","$24,521.6","$3.68","-$53.32"
"2025-11-02 04:30:48","PAXG","Close Long","Fulfill Maker","4.156 PAXG","3,997","$16,611.53","$2.49","-$36.12"
"2025-11-01 12:15:13","PAXG","Open Long","Fulfill Maker","0.208 PAXG","4,006","$833.25","$0.12","-$0.12"
"2025-11-01 12:15:12","PAXG","Open Long","Fulfill Maker","0.003 PAXG","4,006","$12.02","$0","-$0"
"2025-11-01 12:15:07","PAXG","Open Long","Fulfill Maker","0.001 PAXG","4,006","$4.01","$0","-$0"
"2025-11-01 12:14:51","PAXG","Open Long","Fulfill Maker","0.003 PAXG","4,006","$12.02","$0","-$0"
"2025-11-01 12:14:46","PAXG","Open Long","Fulfill Maker","0.001 PAXG","4,006","$4.01","$0","-$0"
"2025-11-01 12:14:40","PAXG","Open Long","Fulfill Maker","0.001 PAXG","4,006","$4.01","$0","-$0"
"2025-11-01 12:14:35","PAXG","Open Long","Fulfill Maker","0.001 PAXG","4,006","$4.01","$0","-$0"
"2025-11-01 12:14:24","PAXG","Open Long","Fulfill Maker","0.001 PAXG","4,006","$4.01","$0","-$0"
"2025-11-01 12:14:19","PAXG","Open Long","Fulfill Maker","0.001 PAXG","4,006","$4.01","$0","-$0"
"2025-11-01 12:14:14","PAXG","Open Long","Fulfill Maker","0.001 PAXG","4,006","$4.01","$0","-$0"
"2025-11-01 12:14:03","PAXG","Open Long","Fulfill Maker","0.001 PAXG","4,006","$4.01","$0","-$0"
"2025-11-01 12:13:58","PAXG","Open Long","Fulfill Maker","0.001 PAXG","4,006","$4.01","$0","-$0"
"2025-11-01 12:13:52","PAXG","Open Long","Fulfill Maker","0.001 PAXG","4,006","$4.01","$0","-$0"
"2025-11-01 12:13:41","PAXG","Open Long","Fulfill Maker","0.001 PAXG","4,006","$4.01","$0","-$0"
"2025-11-01 12:13:14","PAXG","Open Long","Fulfill Maker","0.003 PAXG","4,006","$12.02","$0","-$0"
"2025-11-01 12:12:53","PAXG","Open Long","Fulfill Maker","0.003 PAXG","4,006","$12.02","$0","-$0"
"2025-11-01 12:12:31","PAXG","Open Long","Fulfill Maker","0.003 PAXG","4,006","$12.02","$0","-$0"
"2025-11-01 12:12:10","PAXG","Open Long","Fulfill Maker","0.003 PAXG","4,006","$12.02","$0","-$0"
"2025-11-01 12:11:48","PAXG","Open Long","Fulfill Maker","0.003 PAXG","4,006","$12.02","$0","-$0"
"2025-11-01 12:11:37","PAXG","Open Long","Fulfill Maker","0.003 PAXG","4,006","$12.02","$0","-$0"
"2025-11-01 12:11:32","PAXG","Open Long","Fulfill Maker","0.001 PAXG","4,006","$4.01","$0","-$0"
"2025-11-01 12:11:27","PAXG","Open Long","Fulfill Maker","0.001 PAXG","4,006","$4.01","$0","-$0"
"2025-11-01 12:11:21","PAXG","Open Long","Fulfill Maker","0.001 PAXG","4,006","$4.01","$0","-$0"
"2025-11-01 12:11:11","PAXG","Open Long","Fulfill Maker","0.001 PAXG","4,006","$4.01","$0","-$0"
"2025-11-01 12:11:05","PAXG","Open Long","Fulfill Maker","0.001 PAXG","4,006","$4.01","$0","-$0"
"2025-11-01 12:11:00","PAXG","Open Long","Fulfill Maker","0.001 PAXG","4,006","$4.01","$0","-$0"
"2025-11-01 12:10:49","PAXG","Open Long","Fulfill Maker","0.001 PAXG","4,006","$4.01","$0","-$0"
"2025-11-01 12:10:22","PAXG","Open Long","Fulfill Maker","0.003 PAXG","4,006","$12.02","$0","-$0"
"2025-11-01 12:10:01","PAXG","Open Long","Fulfill Maker","0.003 PAXG","4,006","$12.02","$0","-$0"
"2025-11-01 12:09:50","PAXG","Open Long","Fulfill Maker","0.003 PAXG","4,006","$12.02","$0","-$0"
"2025-11-01 12:09:44","PAXG","Open Long","Fulfill Maker","0.001 PAXG","4,006","$4.01","$0","-$0"
"2025-11-01 12:09:39","PAXG","Open Long","Fulfill Maker","0.001 PAXG","4,006","$4.01","$0","-$0"
"2025-11-01 12:09:34","PAXG","Open Long","Fulfill Maker","0.001 PAXG","4,006","$4.01","$0","-$0"
"2025-11-01 12:09:23","PAXG","Open Long","Fulfill Maker","0.001 PAXG","4,006","$4.01","$0","-$0"
"2025-11-01 12:09:17","PAXG","Open Long","Fulfill Maker","0.001 PAXG","4,006","$4.01","$0","-$0"
"2025-11-01 12:09:12","PAXG","Open Long","Fulfill Maker","0.001 PAXG","4,006","$4.01","$0","-$0"
"2025-11-01 12:09:02","PAXG","Open Long","Fulfill Maker","0.001 PAXG","4,006","$4.01","$0","-$0"
"2025-11-01 12:08:56","PAXG","Open Long","Fulfill Maker","0.001 PAXG","4,006","$4.01","$0","-$0"
"2025-11-01 12:08:51","PAXG","Open Long","Fulfill Maker","0.001 PAXG","4,006","$4.01","$0","-$0"
"2025-11-01 12:08:41","PAXG","Open Long","Fulfill Maker","0.001 PAXG","4,006","$4.01","$0","-$0"
"2025-11-01 12:08:24","PAXG","Open Long","Fulfill Maker","0.003 PAXG","4,006","$12.02","$0","-$0"
"2025-11-01 12:08:18","PAXG","Open Long","Fulfill Maker","0.001 PAXG","4,006","$4.01","$0","-$0"
"2025-11-01 12:07:51","PAXG","Open Long","Fulfill Maker","0.003 PAXG","4,006","$12.02","$0","-$0"
"2025-11-01 12:07:30","PAXG","Open Long","Fulfill Maker","0.003 PAXG","4,006","$12.02","$0","-$0"
"2025-11-01 12:07:19","PAXG","Open Long","Fulfill Maker","0.003 PAXG","4,006","$12.02","$0","-$0"
"2025-11-01 12:07:14","PAXG","Open Long","Fulfill Maker","0.001 PAXG","4,006","$4.01","$0","-$0"
"2025-11-01 12:06:41","PAXG","Open Long","Fulfill Taker","0.001 PAXG","4,006","$4.01","$0","-$0"
"2025-11-01 12:06:41","PAXG","Open Long","Fulfill Taker","11.465 PAXG","4,006","$45,928.79","$18.37","-$18.37"
"2025-11-01 12:05:54","PAXG","Open Long","Fulfill Taker","4.209 PAXG","4,004.9","$16,856.62","$6.74","-$6.74"
"2025-11-01 12:05:53","PAXG","Open Long","Fulfill Maker","0.003 PAXG","4,004.6","$12.01","$0","-$0"
"2025-11-01 12:05:48","PAXG","Open Long","Fulfill Maker","0.001 PAXG","4,004.6","$4","$0","-$0"
"2025-11-01 12:05:42","PAXG","Open Long","Fulfill Maker","0.001 PAXG","4,004.6","$4","$0","-$0"
"2025-11-01 12:05:37","PAXG","Open Long","Fulfill Maker","0.001 PAXG","4,004.6","$4","$0","-$0"
"2025-11-01 12:05:26","PAXG","Open Long","Fulfill Maker","0.001 PAXG","4,004.6","$4","$0","-$0"
"2025-11-01 12:04:59","PAXG","Open Long","Fulfill Maker","0.003 PAXG","4,004.6","$12.01","$0","-$0"
"2025-11-01 12:04:49","PAXG","Open Long","Fulfill Maker","0.003 PAXG","4,004.6","$12.01","$0","-$0"
"2025-11-01 12:04:43","PAXG","Open Long","Fulfill Maker","0.001 PAXG","4,004.6","$4","$0","-$0"
"2025-11-01 12:04:38","PAXG","Open Long","Fulfill Maker","0.001 PAXG","4,004.6","$4","$0","-$0"
"2025-11-01 12:04:32","PAXG","Open Long","Fulfill Maker","0.001 PAXG","4,004.6","$4","$0","-$0"
"2025-11-01 12:04:22","PAXG","Open Long","Fulfill Maker","0.001 PAXG","4,004.6","$4","$0","-$0"
"2025-11-01 12:04:19","PAXG","Open Long","Fulfill Maker","5.375 PAXG","4,005.1","$21,527.41","$3.23","-$3.23"
"2025-11-01 12:04:16","PAXG","Open Long","Fulfill Maker","0.001 PAXG","4,005.1","$4.01","$0","-$0"
"2025-11-01 12:04:11","PAXG","Open Long","Fulfill Maker","0.001 PAXG","4,004.6","$4","$0","-$0"
"2025-11-01 12:04:00","PAXG","Open Long","Fulfill Maker","0.001 PAXG","4,004.6","$4","$0","-$0"
"2025-11-01 12:03:55","PAXG","Open Long","Fulfill Maker","2.643 PAXG","4,005.1","$10,585.48","$1.59","-$1.59"
"2025-11-01 12:03:44","PAXG","Open Long","Fulfill Maker","0.003 PAXG","4,004.6","$12.01","$0","-$0"
"2025-11-01 12:03:39","PAXG","Open Long","Fulfill Maker","0.001 PAXG","4,004.6","$4","$0","-$0"
"2025-11-01 12:03:34","PAXG","Open Long","Fulfill Maker","1.803 PAXG","4,005.1","$7,221.2","$1.08","-$1.08"
"2025-11-01 12:03:23","PAXG","Open Long","Fulfill Maker","0.003 PAXG","4,004.6","$12.01","$0","-$0"
"2025-11-01 12:03:18","PAXG","Open Long","Fulfill Maker","0.001 PAXG","4,004.6","$4","$0","-$0"
"2025-11-01 12:02:59","PAXG","Open Long","Fulfill Maker","3.489 PAXG","4,005.1","$13,973.79","$2.1","-$2.1"
"2025-11-01 12:02:56","PAXG","Open Long","Fulfill Maker","0.001 PAXG","4,005.1","$4.01","$0","-$0"
"2025-11-01 12:01:46","PAXG","Open Long","Fulfill Maker","8.256 PAXG","4,004.6","$33,061.98","$4.96","-$4.96"
"2025-11-01 11:24:14","PAXG","Open Long","Fulfill Maker","7.503 PAXG","4,004.3","$30,044.26","$4.51","-$4.51"
"2025-11-01 10:29:57","ZEC","Close Short","Fulfill Maker","60.58 ZEC","416.6","$25,237.63","$3.79","+$1,232.05"
"2025-11-01 10:24:14","ZEC","Close Short","Fulfill Maker","47.56 ZEC","416","$19,784.96","$2.97","+$995.79"
"2025-11-01 10:24:14","ZEC","Close Short","Fulfill Maker","0.03 ZEC","416","$12.48","$0","+$0.63"
"2025-11-01 10:23:44","ZEC","Close Short","Fulfill Maker","55.32 ZEC","416","$23,013.12","$3.45","+$1,158.27"
"2025-11-01 10:20:46","ZEC","Close Short","Fulfill Maker","88.79 ZEC","414.8","$36,830.09","$5.52","+$1,965.61"
"2025-11-01 10:20:46","ZEC","Close Short","Fulfill Maker","0.01 ZEC","414.8","$4.15","$0","+$0.22"
"2025-11-01 10:14:00","ZEC","Close Short","Fulfill Maker","63.91 ZEC","414","$26,458.74","$3.97","+$1,465.96"
"2025-11-01 10:13:35","ZEC","Close Short","Fulfill Maker","14.55 ZEC","415","$6,038.25","$0.91","+$319.19"
"2025-11-01 10:13:34","ZEC","Close Short","Fulfill Maker","1.89 ZEC","415","$784.35","$0.12","+$41.46"
"2025-11-01 10:13:33","ZEC","Close Short","Fulfill Maker","24.09 ZEC","415","$9,997.35","$1.5","+$528.48"
"2025-11-01 04:05:58","ZEC","Open Short","Fulfill Taker","134.28 ZEC","437","$58,680.36","$23.47","-$23.47"
"2025-11-01 04:05:28","ZEC","Open Short","Fulfill Taker","106.57 ZEC","437","$46,571.09","$18.63","-$18.63"
"2025-11-01 04:04:49","ZEC","Open Short","Fulfill Taker","115.88 ZEC","437","$50,639.56","$20.26","-$20.26"
"2025-10-31 14:58:07","PAXG","Close Long","Fulfill Taker","10.2 PAXG","3,990","$40,698","$16.28","-$203.42"
"2025-10-31 14:58:07","PAXG","Close Long","Fulfill Taker","0.409 PAXG","3,990","$1,631.91","$0.65","-$8.16"
"2025-10-31 14:57:23","PAXG","Close Long","Fulfill Taker","5.756 PAXG","3,990","$22,966.44","$9.19","-$114.8"
"2025-10-31 14:57:23","PAXG","Close Long","Fulfill Taker","0.411 PAXG","3,990","$1,639.89","$0.66","-$8.2"
"2025-10-31 14:57:23","PAXG","Close Long","Fulfill Taker","0.004 PAXG","3,990.2","$15.96","$0.01","-$0.08"
"2025-10-31 14:56:42","PAXG","Close Long","Fulfill Taker","7.521 PAXG","3,990","$30,008.79","$12","-$150"
"2025-10-31 14:56:42","PAXG","Close Long","Fulfill Taker","0.407 PAXG","3,990","$1,623.93","$0.65","-$8.12"
"2025-10-31 14:56:42","PAXG","Close Long","Fulfill Taker","0.004 PAXG","3,990.6","$15.96","$0.01","-$0.08"
"2025-10-31 14:56:07","PAXG","Close Long","Fulfill Taker","2.525 PAXG","3,990","$10,074.75","$4.03","-$50.36"
"2025-10-31 14:56:07","PAXG","Close Long","Fulfill Taker","0.326 PAXG","3,990","$1,300.74","$0.52","-$6.5"
"2025-10-31 14:56:07","PAXG","Close Long","Fulfill Taker","0.004 PAXG","3,990.6","$15.96","$0.01","-$0.08"
"2025-10-31 14:56:07","PAXG","Close Long","Fulfill Taker","0.077 PAXG","3,990.6","$307.28","$0.12","-$1.49"
"2025-10-31 14:54:24","PAXG","Close Long","Fulfill Taker","2.905 PAXG","3,990","$11,590.95","$4.64","-$57.94"
"2025-10-31 14:54:24","PAXG","Close Long","Fulfill Taker","0.013 PAXG","3,990.2","$51.87","$0.02","-$0.26"
"2025-10-31 14:54:24","PAXG","Close Long","Fulfill Taker","0.005 PAXG","3,990.2","$19.95","$0.01","-$0.1"
"2025-10-31 14:54:24","PAXG","Close Long","Fulfill Taker","0.308 PAXG","3,990.2","$1,228.98","$0.49","-$6.08"
"2025-10-31 14:52:44","PAXG","Close Long","Fulfill Taker","8.229 PAXG","3,991","$32,841.94","$13.14","-$155.89"
"2025-10-31 14:52:44","PAXG","Close Long","Fulfill Taker","0.002 PAXG","3,991","$7.98","$0","-$0.04"
"2025-10-31 14:52:09","PAXG","Close Long","Fulfill Taker","5.918 PAXG","3,991","$23,618.74","$9.45","-$112.11"
"2025-10-31 14:52:09","PAXG","Close Long","Fulfill Taker","0.005 PAXG","3,991.1","$19.96","$0.01","-$0.09"
"2025-10-31 07:17:14","PAXG","Open Long","Fulfill Maker","0.07 PAXG","4,010.5","$280.74","$0.04","-$0.04"
"2025-10-31 07:17:03","PAXG","Open Long","Fulfill Maker","0.299 PAXG","4,010.5","$1,199.14","$0.18","-$0.18"
"2025-10-31 07:17:03","PAXG","Open Long","Fulfill Maker","0.313 PAXG","4,010.5","$1,255.29","$0.19","-$0.19"
"2025-10-31 07:17:03","PAXG","Open Long","Fulfill Maker","0.304 PAXG","4,010.5","$1,219.19","$0.18","-$0.18"
"2025-10-31 07:16:59","PAXG","Open Long","Fulfill Maker","0.299 PAXG","4,010.5","$1,199.14","$0.18","-$0.18"
"2025-10-31 07:16:54","PAXG","Open Long","Fulfill Maker","0.003 PAXG","4,010.5","$12.03","$0","-$0"
"2025-10-31 07:16:43","PAXG","Open Long","Fulfill Maker","0.003 PAXG","4,010.5","$12.03","$0","-$0"
"2025-10-31 07:16:38","PAXG","Open Long","Fulfill Maker","0.001 PAXG","4,010.5","$4.01","$0","-$0"
"2025-10-31 07:16:33","PAXG","Open Long","Fulfill Maker","0.001 PAXG","4,010.5","$4.01","$0","-$0"
"2025-10-31 07:16:27","PAXG","Open Long","Fulfill Maker","0.001 PAXG","4,010.5","$4.01","$0","-$0"
"2025-10-31 07:16:17","PAXG","Open Long","Fulfill Maker","0.001 PAXG","4,010.5","$4.01","$0","-$0"
"2025-10-31 07:16:00","PAXG","Open Long","Fulfill Maker","0.003 PAXG","4,010.5","$12.03","$0","-$0"
"2025-10-31 07:11:39","PAXG","Open Long","Fulfill Maker","0.001 PAXG","4,010.5","$4.01","$0","-$0"
"2025-10-31 07:10:45","PAXG","Open Long","Fulfill Maker","0.001 PAXG","4,010.5","$4.01","$0","-$0"
"2025-10-31 07:07:39","PAXG","Open Long","Fulfill Maker","9.025 PAXG","4,010","$36,190.25","$5.43","-$5.43"
"2025-10-31 07:07:00","PAXG","Open Long","Fulfill Maker","6.424 PAXG","4,008.5","$25,750.6","$3.86","-$3.86"
"2025-10-31 07:07:00","PAXG","Open Long","Fulfill Maker","0.648 PAXG","4,008.5","$2,597.51","$0.39","-$0.39"
"2025-10-31 07:06:24","PAXG","Open Long","Fulfill Maker","4.695 PAXG","4,008.5","$18,819.91","$2.82","-$2.82"
"2025-10-31 07:06:24","PAXG","Open Long","Fulfill Maker","0.309 PAXG","4,008.5","$1,238.63","$0.19","-$0.19"
"2025-10-31 07:06:24","PAXG","Open Long","Fulfill Maker","0.017 PAXG","4,008.5","$68.14","$0.01","-$0.01"
"2025-10-31 07:06:13","PAXG","Open Long","Fulfill Maker","0.003 PAXG","4,008.5","$12.03","$0","-$0"
"2025-10-31 07:05:56","PAXG","Open Long","Fulfill Maker","0.001 PAXG","4,008.5","$4.01","$0","-$0"
"2025-10-31 07:05:51","PAXG","Open Long","Fulfill Maker","0.001 PAXG","4,008.5","$4.01","$0","-$0"
"2025-10-31 07:05:46","PAXG","Open Long","Fulfill Maker","0.001 PAXG","4,008.5","$4.01","$0","-$0"
"2025-10-31 07:05:35","PAXG","Open Long","Fulfill Maker","0.001 PAXG","4,008.5","$4.01","$0","-$0"
"2025-10-31 07:05:08","PAXG","Open Long","Fulfill Maker","0.003 PAXG","4,008.5","$12.03","$0","-$0"
"2025-10-31 07:04:58","PAXG","Open Long","Fulfill Maker","0.003 PAXG","4,008.5","$12.03","$0","-$0"
"2025-10-31 07:04:52","PAXG","Open Long","Fulfill Maker","0.001 PAXG","4,008.5","$4.01","$0","-$0"
"2025-10-31 07:04:04","PAXG","Open Long","Fulfill Maker","0.003 PAXG","4,008","$12.02","$0","-$0"
"2025-10-31 07:03:51","PAXG","Open Long","Fulfill Maker","10.89 PAXG","4,008","$43,647.12","$6.55","-$6.55"
"2025-10-31 07:03:21","PAXG","Open Long","Fulfill Maker","0.003 PAXG","4,007","$12.02","$0","-$0"
"2025-10-31 07:03:18","PAXG","Open Long","Fulfill Maker","7.615 PAXG","4,007","$30,513.31","$4.58","-$4.58"
"2025-10-31 07:03:18","PAXG","Open Long","Fulfill Maker","0.034 PAXG","4,007","$136.24","$0.02","-$0.02"
"2025-10-31 07:03:00","PAXG","Open Long","Fulfill Maker","0.003 PAXG","4,007","$12.02","$0","-$0"
"2025-10-31 07:02:57","PAXG","Open Long","Fulfill Maker","4.049 PAXG","4,007","$16,224.34","$2.43","-$2.43"
"2025-10-31 07:01:28","MON","Open Long","Fulfill Maker","69619 MON","0.04863","$3,385.57","$0.51","-$0.51"
"2025-10-31 07:00:58","MON","Open Long","Fulfill Maker","23648 MON","0.0485","$1,146.93","$0.17","-$0.17"
"2025-10-31 06:59:56","MON","Open Long","Fulfill Maker","9173 MON","0.04847","$444.62","$0.07","-$0.07"
"2025-10-31 06:16:00","VIRTUAL","Close Long","Fulfill Taker","6614.8 VIRTUAL","1.433","$9,479.01","$3.79","+$750.3"
"2025-10-31 06:16:00","VIRTUAL","Close Long","Fulfill Taker","1092.4 VIRTUAL","1.4332","$1,565.63","$0.63","+$124.13"
"2025-10-31 06:14:39","VIRTUAL","Close Long","Fulfill Taker","21563.7 VIRTUAL","1.438","$31,008.6","$12.4","+$2,553.68"
"2025-10-31 06:14:39","VIRTUAL","Close Long","Fulfill Taker","11352.7 VIRTUAL","1.438","$16,325.18","$6.53","+$1,344.44"
"2025-10-31 06:14:28","VIRTUAL","Close Long","Fulfill Taker","21563.6 VIRTUAL","1.438","$31,008.46","$12.4","+$2,553.67"
"2025-10-31 06:14:28","VIRTUAL","Close Long","Fulfill Taker","1107.5 VIRTUAL","1.4383","$1,592.92","$0.64","+$131.49"
"2025-10-31 06:14:28","VIRTUAL","Close Long","Fulfill Taker","1017.4 VIRTUAL","1.4389","$1,463.94","$0.59","+$121.4"
"2025-10-31 06:14:28","VIRTUAL","Close Long","Fulfill Taker","1060.4 VIRTUAL","1.4395","$1,526.45","$0.61","+$127.17"
"2025-10-31 06:14:28","VIRTUAL","Close Long","Fulfill Taker","4884.2 VIRTUAL","1.4401","$7,033.74","$2.81","+$588.66"
"2025-10-31 06:14:28","VIRTUAL","Close Long","Fulfill Taker","1049.1 VIRTUAL","1.4401","$1,510.81","$0.6","+$126.44"
"2025-10-31 06:14:28","VIRTUAL","Close Long","Fulfill Taker","1122.9 VIRTUAL","1.4407","$1,617.76","$0.65","+$136.01"
"2025-10-31 06:14:28","VIRTUAL","Close Long","Fulfill Taker","1111.3 VIRTUAL","1.4412","$1,601.61","$0.64","+$135.16"
"2025-10-31 02:55:40","VIRTUAL","Open Long","Fulfill Maker","51036.1 VIRTUAL","1.319","$67,316.62","$10.1","-$10.1"
"2025-10-31 02:55:07","VIRTUAL","Open Long","Fulfill Maker","22503.9 VIRTUAL","1.319","$29,682.64","$4.45","-$4.45"
"2025-10-30 05:05:27","PAXG","Close Long","Fulfill Taker","6.21 PAXG","3,961.5","$24,600.92","$9.84","-$7.4"
"2025-10-30 05:05:27","PAXG","Close Long","Fulfill Taker","0.632 PAXG","3,961.5","$2,503.67","$1","-$0.75"
"2025-10-30 05:05:11","PAXG","Close Long","Fulfill Taker","8.207 PAXG","3,961.5","$32,512.03","$13","-$9.78"
"2025-10-30 05:05:11","PAXG","Close Long","Fulfill Taker","0.635 PAXG","3,961.5","$2,515.55","$1.01","-$0.76"
"2025-10-30 05:04:37","PAXG","Close Long","Fulfill Taker","12.824 PAXG","3,961.5","$50,802.28","$20.32","-$15.29"
"2025-10-30 05:04:37","PAXG","Close Long","Fulfill Taker","0.331 PAXG","3,961.5","$1,311.26","$0.52","-$0.39"
"2025-10-30 05:04:37","PAXG","Close Long","Fulfill Taker","0.304 PAXG","3,961.6","$1,204.33","$0.48","-$0.33"
"2025-10-30 05:03:51","PAXG","Close Long","Fulfill Taker","10.193 PAXG","3,961.5","$40,379.57","$16.15","-$12.15"
"2025-10-30 05:03:51","PAXG","Close Long","Fulfill Taker","0.333 PAXG","3,961.5","$1,319.18","$0.53","-$0.4"
"2025-10-30 05:03:29","PAXG","Close Long","Fulfill Taker","8.299 PAXG","3,961.5","$32,876.49","$13.15","-$9.89"
"2025-10-30 05:03:29","PAXG","Close Long","Fulfill Taker","0.013 PAXG","3,961.8","$51.5","$0.02","-$0.01"
"2025-10-30 05:03:29","PAXG","Close Long","Fulfill Taker","0.306 PAXG","3,961.8","$1,212.31","$0.48","-$0.27"
"2025-10-30 05:03:29","PAXG","Close Long","Fulfill Taker","0.014 PAXG","3,961.9","$55.47","$0.02","-$0.01"
"2025-10-29 17:37:02","PAXG","Close Long","Fulfill Taker","0.05 PAXG","3,947.6","$197.38","$0.08","-$0.75"
"2025-10-29 17:37:02","PAXG","Close Long","Fulfill Taker","0.318 PAXG","3,948.1","$1,255.5","$0.5","-$4.64"
"2025-10-29 17:37:02","PAXG","Close Long","Fulfill Taker","0.032 PAXG","3,948.1","$126.34","$0.05","-$0.47"
"2025-10-29 15:37:03","PAXG","Open Long","Fulfill Maker","0.207 PAXG","3,960","$819.72","$0.12","-$0.12"
"2025-10-29 15:37:01","PAXG","Open Long","Fulfill Maker","0.252 PAXG","3,960","$997.92","$0.15","-$0.15"
"2025-10-29 15:37:00","PAXG","Open Long","Fulfill Maker","0.252 PAXG","3,960","$997.92","$0.15","-$0.15"
"2025-10-29 15:36:59","PAXG","Open Long","Fulfill Maker","0.252 PAXG","3,960","$997.92","$0.15","-$0.15"
"2025-10-29 15:36:58","PAXG","Open Long","Fulfill Maker","0.252 PAXG","3,960","$997.92","$0.15","-$0.15"
"2025-10-29 15:36:57","PAXG","Open Long","Fulfill Maker","2.526 PAXG","3,960","$10,002.96","$1.5","-$1.5"
"2025-10-29 15:36:55","PAXG","Open Long","Fulfill Maker","2.526 PAXG","3,960","$10,002.96","$1.5","-$1.5"
"2025-10-29 15:36:55","PAXG","Open Long","Fulfill Maker","2.526 PAXG","3,960","$10,002.96","$1.5","-$1.5"
"2025-10-29 15:36:54","PAXG","Open Long","Fulfill Maker","0.159 PAXG","3,960","$629.64","$0.09","-$0.09"
"2025-10-29 15:36:54","PAXG","Open Long","Fulfill Maker","2.526 PAXG","3,960","$10,002.96","$1.5","-$1.5"
"2025-10-29 15:36:53","PAXG","Open Long","Fulfill Maker","0.252 PAXG","3,960","$997.92","$0.15","-$0.15"
"2025-10-29 15:36:53","PAXG","Open Long","Fulfill Maker","0.303 PAXG","3,960","$1,199.88","$0.18","-$0.18"
"2025-10-29 15:36:53","PAXG","Open Long","Fulfill Maker","0.317 PAXG","3,960","$1,255.32","$0.19","-$0.19"
"2025-10-29 15:36:51","PAXG","Open Long","Fulfill Maker","0.305 PAXG","3,960","$1,207.8","$0.18","-$0.18"
"2025-10-29 15:36:51","PAXG","Open Long","Fulfill Maker","0.316 PAXG","3,960","$1,251.36","$0.19","-$0.19"
"2025-10-29 15:36:51","PAXG","Open Long","Fulfill Maker","0.314 PAXG","3,960","$1,243.44","$0.19","-$0.19"
"2025-10-29 15:36:51","PAXG","Open Long","Fulfill Maker","0.715 PAXG","3,960","$2,831.4","$0.42","-$0.42"
"2025-10-29 15:36:51","PAXG","Open Long","Fulfill Maker","0.542 PAXG","3,960.5","$2,146.59","$0.32","-$0.32"
"2025-10-29 15:36:50","PAXG","Open Long","Fulfill Maker","0.306 PAXG","3,960.5","$1,211.91","$0.18","-$0.18"
"2025-10-29 15:36:50","PAXG","Open Long","Fulfill Maker","1.225 PAXG","3,960.5","$4,851.61","$0.73","-$0.73"
"2025-10-29 15:36:50","PAXG","Open Long","Fulfill Maker","0.317 PAXG","3,960.5","$1,255.48","$0.19","-$0.19"
"2025-10-29 15:36:50","PAXG","Open Long","Fulfill Maker","1.268 PAXG","3,960.5","$5,021.91","$0.75","-$0.75"
"2025-10-29 15:36:49","PAXG","Open Long","Fulfill Maker","1.258 PAXG","3,960.5","$4,982.31","$0.75","-$0.75"
"2025-10-29 15:36:48","PAXG","Open Long","Fulfill Maker","0.305 PAXG","3,960.5","$1,207.95","$0.18","-$0.18"
"2025-10-29 15:36:48","PAXG","Open Long","Fulfill Maker","0.779 PAXG","3,960.5","$3,085.23","$0.46","-$0.46"
"2025-10-29 15:36:48","PAXG","Open Long","Fulfill Maker","0.484 PAXG","3,962","$1,917.61","$0.29","-$0.29"
"2025-10-29 15:36:48","PAXG","Open Long","Fulfill Maker","3.168 PAXG","3,962","$12,551.62","$1.88","-$1.88"
"2025-10-29 15:36:48","PAXG","Open Long","Fulfill Maker","0.303 PAXG","3,962","$1,200.49","$0.18","-$0.18"
"2025-10-29 15:36:48","PAXG","Open Long","Fulfill Maker","0.981 PAXG","3,962","$3,886.72","$0.58","-$0.58"
"2025-10-29 15:36:48","PAXG","Open Long","Fulfill Maker","0.01 PAXG","3,962","$39.62","$0.01","-$0.01"
"2025-10-29 15:36:48","PAXG","Open Long","Fulfill Maker","0.311 PAXG","3,962","$1,232.18","$0.18","-$0.18"
"2025-10-29 15:36:47","PAXG","Open Long","Fulfill Maker","0.317 PAXG","3,962","$1,255.95","$0.19","-$0.19"
"2025-10-29 15:36:47","PAXG","Open Long","Fulfill Maker","1.242 PAXG","3,962","$4,920.8","$0.74","-$0.74"
"2025-10-29 15:36:47","PAXG","Open Long","Fulfill Maker","2.524 PAXG","3,962","$10,000.09","$1.5","-$1.5"
"2025-10-29 15:36:47","PAXG","Open Long","Fulfill Maker","0.317 PAXG","3,962","$1,255.95","$0.19","-$0.19"
"2025-10-29 15:36:47","PAXG","Open Long","Fulfill Maker","1.264 PAXG","3,962","$5,007.97","$0.75","-$0.75"
"2025-10-29 15:36:47","PAXG","Open Long","Fulfill Maker","0.304 PAXG","3,962","$1,204.45","$0.18","-$0.18"
"2025-10-29 15:36:47","PAXG","Open Long","Fulfill Maker","0.252 PAXG","3,962","$998.42","$0.15","-$0.15"
"2025-10-29 15:36:47","PAXG","Open Long","Fulfill Maker","2.523 PAXG","3,962","$9,996.13","$1.5","-$1.5"
"2025-10-29 03:03:20","PAXG","Open Long","Fulfill Maker","0.001 PAXG","3,960","$3.96","$0","-$0"
"2025-10-29 03:03:03","PAXG","Open Long","Fulfill Maker","0.003 PAXG","3,960","$11.88","$0","-$0"
"2025-10-29 03:02:58","PAXG","Open Long","Fulfill Maker","0.001 PAXG","3,960","$3.96","$0","-$0"
"2025-10-29 03:02:22","PAXG","Open Long","Fulfill Maker","0.003 PAXG","3,960","$11.88","$0","-$0"
"2025-10-29 03:02:12","PAXG","Open Long","Fulfill Maker","0.003 PAXG","3,960","$11.88","$0","-$0"
"2025-10-29 03:02:06","PAXG","Open Long","Fulfill Maker","0.001 PAXG","3,960","$3.96","$0","-$0"
"2025-10-29 03:02:01","PAXG","Open Long","Fulfill Maker","0.001 PAXG","3,960","$3.96","$0","-$0"
"2025-10-29 03:01:55","PAXG","Open Long","Fulfill Maker","0.001 PAXG","3,960","$3.96","$0","-$0"
"2025-10-29 02:59:33","PAXG","Open Long","Fulfill Maker","0.001 PAXG","3,960","$3.96","$0","-$0"
"2025-10-29 02:57:17","PAXG","Open Long","Fulfill Maker","0.003 PAXG","3,960","$11.88","$0","-$0"
"2025-10-29 02:56:55","PAXG","Open Long","Fulfill Maker","0.003 PAXG","3,960","$11.88","$0","-$0"
"2025-10-29 02:56:34","PAXG","Open Long","Fulfill Maker","0.313 PAXG","3,960","$1,239.48","$0.19","-$0.19"
"2025-10-29 02:56:34","PAXG","Open Long","Fulfill Maker","0.306 PAXG","3,960","$1,211.76","$0.18","-$0.18"
"2025-10-29 02:56:33","PAXG","Open Long","Fulfill Maker","0.003 PAXG","3,960","$11.88","$0","-$0"
"2025-10-29 02:56:11","PAXG","Open Long","Fulfill Maker","0.003 PAXG","3,960","$11.88","$0","-$0"
"2025-10-29 02:56:00","PAXG","Open Long","Fulfill Maker","0.003 PAXG","3,960","$11.88","$0","-$0"
"2025-10-29 02:55:55","PAXG","Open Long","Fulfill Maker","0.001 PAXG","3,960","$3.96","$0","-$0"
"2025-10-29 02:55:49","PAXG","Open Long","Fulfill Maker","0.001 PAXG","3,960","$3.96","$0","-$0"
"2025-10-29 02:55:44","PAXG","Open Long","Fulfill Maker","0.001 PAXG","3,960","$3.96","$0","-$0"
"2025-10-29 02:55:33","PAXG","Open Long","Fulfill Maker","0.001 PAXG","3,960","$3.96","$0","-$0"
"2025-10-29 02:55:27","PAXG","Open Long","Fulfill Maker","0.001 PAXG","3,960","$3.96","$0","-$0"
"2025-10-29 02:55:22","PAXG","Open Long","Fulfill Maker","0.001 PAXG","3,960","$3.96","$0","-$0"
"2025-10-29 02:55:11","PAXG","Open Long","Fulfill Maker","0.001 PAXG","3,960","$3.96","$0","-$0"
"2025-10-29 02:54:38","PAXG","Open Long","Fulfill Maker","0.003 PAXG","3,960","$11.88","$0","-$0"
"2025-10-29 02:54:16","PAXG","Open Long","Fulfill Maker","0.003 PAXG","3,960","$11.88","$0","-$0"
"2025-10-29 02:54:05","PAXG","Open Long","Fulfill Maker","0.003 PAXG","3,960","$11.88","$0","-$0"
"2025-10-29 02:54:00","PAXG","Open Long","Fulfill Maker","0.001 PAXG","3,960","$3.96","$0","-$0"
"2025-10-29 02:53:54","PAXG","Open Long","Fulfill Maker","0.001 PAXG","3,960","$3.96","$0","-$0"
"2025-10-29 02:53:49","PAXG","Open Long","Fulfill Maker","0.001 PAXG","3,960","$3.96","$0","-$0"
"2025-10-29 02:50:21","PAXG","Open Long","Fulfill Maker","0.001 PAXG","3,960","$3.96","$0","-$0"
"2025-10-29 02:50:16","PAXG","Open Long","Fulfill Maker","0.001 PAXG","3,961","$3.96","$0","-$0"
"2025-10-29 02:50:13","PAXG","Open Long","Fulfill Maker","0.305 PAXG","3,961","$1,208.11","$0.18","-$0.18"
"2025-10-29 02:50:13","PAXG","Open Long","Fulfill Maker","0.308 PAXG","3,961","$1,219.99","$0.18","-$0.18"
"2025-10-29 02:50:13","PAXG","Open Long","Fulfill Maker","0.305 PAXG","3,961","$1,208.11","$0.18","-$0.18"
"2025-10-29 02:50:13","PAXG","Open Long","Fulfill Maker","1.218 PAXG","3,961","$4,824.5","$0.72","-$0.72"
"2025-10-29 02:50:13","PAXG","Open Long","Fulfill Maker","0.31 PAXG","3,961","$1,227.91","$0.18","-$0.18"
"2025-10-29 02:50:13","PAXG","Open Long","Fulfill Maker","1.239 PAXG","3,961","$4,907.68","$0.74","-$0.74"
"2025-10-29 02:50:13","PAXG","Open Long","Fulfill Maker","2.524 PAXG","3,961","$9,997.56","$1.5","-$1.5"
"2025-10-29 02:50:10","PAXG","Open Long","Fulfill Maker","0.001 PAXG","3,961","$3.96","$0","-$0"
"2025-10-29 02:49:59","PAXG","Open Long","Fulfill Maker","0.001 PAXG","3,961","$3.96","$0","-$0"
"2025-10-29 02:49:43","PAXG","Open Long","Fulfill Maker","0.003 PAXG","3,961","$11.88","$0","-$0"
"2025-10-29 02:49:37","PAXG","Open Long","Fulfill Maker","0.001 PAXG","3,961","$3.96","$0","-$0"
"2025-10-29 02:49:32","PAXG","Open Long","Fulfill Maker","0.001 PAXG","3,961","$3.96","$0","-$0"
"2025-10-29 02:49:26","PAXG","Open Long","Fulfill Maker","0.001 PAXG","3,961","$3.96","$0","-$0"
"2025-10-29 02:49:15","PAXG","Open Long","Fulfill Maker","0.001 PAXG","3,961","$3.96","$0","-$0"
"2025-10-29 02:48:53","PAXG","Open Long","Fulfill Maker","0.001 PAXG","3,961","$3.96","$0","-$0"
"2025-10-29 02:48:48","PAXG","Open Long","Fulfill Maker","0.001 PAXG","3,961","$3.96","$0","-$0"
"2025-10-29 02:48:45","PAXG","Open Long","Fulfill Maker","0.316 PAXG","3,962.1","$1,252.02","$0.19","-$0.19"
"2025-10-29 02:48:44","PAXG","Open Long","Fulfill Maker","0.315 PAXG","3,962.1","$1,248.06","$0.19","-$0.19"
"2025-10-29 02:48:44","PAXG","Open Long","Fulfill Maker","0.313 PAXG","3,962.1","$1,240.14","$0.19","-$0.19"
"2025-10-29 02:48:42","PAXG","Open Long","Fulfill Maker","0.001 PAXG","3,962.1","$3.96","$0","-$0"
"2025-10-29 02:48:32","PAXG","Open Long","Fulfill Maker","0.001 PAXG","3,962.1","$3.96","$0","-$0"
"2025-10-29 02:48:28","PAXG","Open Long","Fulfill Maker","0.305 PAXG","3,962.1","$1,208.44","$0.18","-$0.18"
"2025-10-29 02:48:28","PAXG","Open Long","Fulfill Maker","0.317 PAXG","3,962.1","$1,255.99","$0.19","-$0.19"
"2025-10-29 02:48:28","PAXG","Open Long","Fulfill Maker","0.306 PAXG","3,962.1","$1,212.4","$0.18","-$0.18"
"2025-10-29 02:48:28","PAXG","Open Long","Fulfill Maker","0.309 PAXG","3,962.1","$1,224.29","$0.18","-$0.18"
"2025-10-29 02:48:28","PAXG","Open Long","Fulfill Maker","0.31 PAXG","3,962.1","$1,228.25","$0.18","-$0.18"
"2025-10-29 02:48:28","PAXG","Open Long","Fulfill Maker","0.317 PAXG","3,962.1","$1,255.99","$0.19","-$0.19"
"2025-10-29 02:48:15","PAXG","Open Long","Fulfill Maker","0.003 PAXG","3,962.2","$11.89","$0","-$0"
"2025-10-29 02:48:13","PAXG","Open Long","Fulfill Taker","0.038 PAXG","3,962.2","$150.56","$0.06","-$0.06"
"2025-10-29 02:48:13","PAXG","Open Long","Fulfill Taker","1.221 PAXG","3,962.2","$4,837.85","$1.94","-$1.94"
"2025-10-29 02:48:13","PAXG","Open Long","Fulfill Taker","0.296 PAXG","3,962.2","$1,172.81","$0.47","-$0.47"
"2025-10-29 02:48:09","PAXG","Open Long","Fulfill Maker","0.001 PAXG","3,962.1","$3.96","$0","-$0"
"2025-10-29 02:48:04","PAXG","Open Long","Fulfill Maker","0.001 PAXG","3,962.1","$3.96","$0","-$0"
"2025-10-29 02:47:58","PAXG","Open Long","Fulfill Maker","0.001 PAXG","3,962.1","$3.96","$0","-$0"
"2025-10-29 02:47:48","PAXG","Open Long","Fulfill Maker","0.001 PAXG","3,962.1","$3.96","$0","-$0"
"2025-10-29 02:47:42","PAXG","Open Long","Fulfill Maker","0.001 PAXG","3,962.1","$3.96","$0","-$0"
"2025-10-29 02:47:36","PAXG","Open Long","Fulfill Maker","0.001 PAXG","3,962.1","$3.96","$0","-$0"
"2025-10-29 02:47:25","PAXG","Open Long","Fulfill Maker","0.001 PAXG","3,962.1","$3.96","$0","-$0"
"2025-10-29 02:46:58","PAXG","Open Long","Fulfill Maker","0.003 PAXG","3,962.1","$11.89","$0","-$0"
"2025-10-29 02:46:36","PAXG","Open Long","Fulfill Maker","0.003 PAXG","3,962.1","$11.89","$0","-$0"
"2025-10-29 02:46:25","PAXG","Open Long","Fulfill Maker","0.003 PAXG","3,962.1","$11.89","$0","-$0"
"2025-10-29 02:46:20","PAXG","Open Long","Fulfill Maker","0.001 PAXG","3,962.1","$3.96","$0","-$0"
"2025-10-29 02:46:14","PAXG","Open Long","Fulfill Maker","0.001 PAXG","3,962.1","$3.96","$0","-$0"
"2025-10-29 02:46:09","PAXG","Open Long","Fulfill Maker","0.001 PAXG","3,962.1","$3.96","$0","-$0"
"2025-10-29 02:45:58","PAXG","Open Long","Fulfill Maker","0.001 PAXG","3,962.1","$3.96","$0","-$0"
"2025-10-29 02:45:52","PAXG","Open Long","Fulfill Maker","0.001 PAXG","3,962.1","$3.96","$0","-$0"
"2025-10-29 02:45:47","PAXG","Open Long","Fulfill Maker","0.001 PAXG","3,962.1","$3.96","$0","-$0"
"2025-10-29 02:44:47","PAXG","Open Long","Fulfill Maker","0.003 PAXG","3,962.1","$11.89","$0","-$0"
"2025-10-29 02:44:25","PAXG","Open Long","Fulfill Maker","0.003 PAXG","3,962.1","$11.89","$0","-$0"
"2025-10-29 02:44:14","PAXG","Open Long","Fulfill Maker","0.003 PAXG","3,962.1","$11.89","$0","-$0"
"2025-10-29 02:44:09","PAXG","Open Long","Fulfill Maker","0.001 PAXG","3,962.1","$3.96","$0","-$0"
"2025-10-29 02:44:03","PAXG","Open Long","Fulfill Maker","0.001 PAXG","3,962.2","$3.96","$0","-$0"
"2025-10-29 02:43:58","PAXG","Open Long","Fulfill Maker","0.001 PAXG","3,962.2","$3.96","$0","-$0"
"2025-10-29 02:43:47","PAXG","Open Long","Fulfill Maker","0.001 PAXG","3,962.2","$3.96","$0","-$0"
"2025-10-29 02:43:31","PAXG","Open Long","Fulfill Maker","0.003 PAXG","3,962.2","$11.89","$0","-$0"
"2025-10-29 02:43:25","PAXG","Open Long","Fulfill Maker","0.001 PAXG","3,962.2","$3.96","$0","-$0"
"2025-10-29 02:43:20","PAXG","Open Long","Fulfill Maker","0.001 PAXG","3,962.2","$3.96","$0","-$0"
"2025-10-29 02:43:14","PAXG","Open Long","Fulfill Maker","0.001 PAXG","3,962.2","$3.96","$0","-$0"
"2025-10-29 02:43:03","PAXG","Open Long","Fulfill Maker","0.001 PAXG","3,962.2","$3.96","$0","-$0"
"2025-10-29 02:42:58","PAXG","Open Long","Fulfill Maker","0.001 PAXG","3,962.2","$3.96","$0","-$0"
"2025-10-29 02:42:52","PAXG","Open Long","Fulfill Maker","0.001 PAXG","3,962.2","$3.96","$0","-$0"
"2025-10-29 02:42:41","PAXG","Open Long","Fulfill Maker","0.001 PAXG","3,962.2","$3.96","$0","-$0"
"2025-10-29 02:42:25","PAXG","Open Long","Fulfill Maker","0.003 PAXG","3,962.2","$11.89","$0","-$0"
"2025-10-29 02:42:20","PAXG","Open Long","Fulfill Maker","0.001 PAXG","3,962.2","$3.96","$0","-$0"
"2025-10-29 02:42:19","PAXG","Open Long","Fulfill Taker","1.222 PAXG","3,962.2","$4,841.81","$1.94","-$1.94"
"2025-10-29 02:42:19","PAXG","Open Long","Fulfill Taker","0.305 PAXG","3,962.2","$1,208.47","$0.48","-$0.48"
"2025-10-29 02:42:14","PAXG","Open Long","Fulfill Maker","0.001 PAXG","3,962.1","$3.96","$0","-$0"
"2025-10-29 02:41:09","PAXG","Open Long","Fulfill Maker","0.003 PAXG","3,962.1","$11.89","$0","-$0"
"2025-10-29 02:40:18","PAXG","Open Long","Fulfill Maker","0.003 PAXG","3,962.1","$11.89","$0","-$0"
"2025-10-29 02:40:07","PAXG","Open Long","Fulfill Maker","0.003 PAXG","3,962.1","$11.89","$0","-$0"
"2025-10-29 02:40:01","PAXG","Open Long","Fulfill Maker","0.001 PAXG","3,962.1","$3.96","$0","-$0"
"2025-10-29 02:39:45","PAXG","Open Long","Fulfill Maker","0.003 PAXG","3,962.1","$11.89","$0","-$0"
"2025-10-29 02:39:39","PAXG","Open Long","Fulfill Taker","0.31 PAXG","3,962.1","$1,228.25","$0.49","-$0.49"
"2025-10-29 02:38:51","PAXG","Open Long","Fulfill Maker","0.309 PAXG","3,962.1","$1,224.29","$0.18","-$0.18"
"2025-10-29 02:38:51","PAXG","Open Long","Fulfill Maker","0.307 PAXG","3,962.1","$1,216.36","$0.18","-$0.18"
"2025-10-29 02:38:48","PAXG","Open Long","Fulfill Maker","0.307 PAXG","3,962.1","$1,216.36","$0.18","-$0.18"
"2025-10-29 02:38:45","PAXG","Open Long","Fulfill Maker","0.303 PAXG","3,962.1","$1,200.52","$0.18","-$0.18"
"2025-10-29 02:38:38","PAXG","Open Long","Fulfill Maker","0.003 PAXG","3,962.1","$11.89","$0","-$0"
"2025-10-29 02:38:33","PAXG","Open Long","Fulfill Maker","0.001 PAXG","3,962.1","$3.96","$0","-$0"
"2025-10-29 02:38:27","PAXG","Open Long","Fulfill Maker","0.001 PAXG","3,962.1","$3.96","$0","-$0"
"2025-10-29 02:38:22","PAXG","Open Long","Fulfill Maker","0.001 PAXG","3,962.1","$3.96","$0","-$0"
"2025-10-29 02:38:11","PAXG","Open Long","Fulfill Maker","0.001 PAXG","3,962.1","$3.96","$0","-$0"
"2025-10-29 02:38:06","PAXG","Open Long","Fulfill Maker","0.001 PAXG","3,962.1","$3.96","$0","-$0"
"2025-10-29 02:38:01","PAXG","Open Long","Fulfill Taker","0.309 PAXG","3,962.1","$1,224.29","$0.49","-$0.49"
"2025-10-29 02:34:17","PAXG","Close Long","Fulfill Taker","11.604 PAXG","3,945.2","$45,780.1","$18.31","-$183.81"
"2025-10-29 02:34:17","PAXG","Close Long","Fulfill Taker","1.343 PAXG","3,945.4","$5,298.67","$2.12","-$21"
"2025-10-29 02:34:17","PAXG","Close Long","Fulfill Taker","1.164 PAXG","3,949.4","$4,597.1","$1.84","-$13.55"
"2025-10-29 02:34:17","PAXG","Close Long","Fulfill Taker","0.209 PAXG","3,950.1","$825.57","$0.33","-$2.29"
"2025-10-29 02:34:17","PAXG","Close Long","Fulfill Taker","2.249 PAXG","3,950.7","$8,885.12","$3.55","-$23.26"
"2025-10-29 02:34:17","PAXG","Close Long","Fulfill Taker","1.281 PAXG","3,952.7","$5,063.41","$2.03","-$10.69"
"2025-10-29 02:34:17","PAXG","Close Long","Fulfill Taker","1.32 PAXG","3,953.5","$5,218.62","$2.09","-$9.96"
"2025-10-29 02:34:17","PAXG","Close Long","Fulfill Taker","3.65 PAXG","3,954.1","$14,432.47","$5.77","-$25.34"
"2025-10-29 02:34:17","PAXG","Close Long","Fulfill Taker","1.146 PAXG","3,954.3","$4,531.63","$1.81","-$7.73"
"2025-10-29 02:34:17","PAXG","Close Long","Fulfill Taker","2.247 PAXG","3,955","$8,886.89","$3.55","-$13.58"
"2025-10-29 02:34:17","PAXG","Close Long","Fulfill Taker","1.201 PAXG","3,955.1","$4,750.08","$1.9","-$7.14"
"2025-10-29 02:34:17","PAXG","Close Long","Fulfill Taker","1.338 PAXG","3,955.9","$5,292.99","$2.12","-$6.88"
"2025-10-29 02:34:17","PAXG","Close Long","Fulfill Taker","3.113 PAXG","3,956.7","$12,317.21","$4.93","-$13.52"
"2025-10-29 02:34:17","PAXG","Close Long","Fulfill Taker","1.388 PAXG","3,956.7","$5,491.9","$2.2","-$6.03"
"2025-10-29 02:34:17","PAXG","Close Long","Fulfill Taker","1.295 PAXG","3,957.4","$5,124.83","$2.05","-$4.72"
"2025-10-29 02:34:17","PAXG","Close Long","Fulfill Taker","3.133 PAXG","3,957.8","$12,399.79","$4.96","-$10.17"
"2025-10-29 02:34:17","PAXG","Close Long","Fulfill Taker","1.277 PAXG","3,958.3","$5,054.75","$2.02","-$3.51"
"2025-10-29 02:34:17","PAXG","Close Long","Fulfill Taker","1.37 PAXG","3,959","$5,423.83","$2.17","-$2.8"
"2025-10-29 02:34:17","PAXG","Close Long","Fulfill Taker","1.253 PAXG","3,959.4","$4,961.13","$1.98","-$2.06"
"2025-10-29 02:34:17","PAXG","Close Long","Fulfill Taker","1.249 PAXG","3,959.8","$4,945.79","$1.98","-$1.56"
"2025-10-29 02:34:17","PAXG","Close Long","Fulfill Taker","2.107 PAXG","3,960.2","$8,344.14","$3.34","-$1.78"
"2025-10-29 02:34:17","PAXG","Close Long","Fulfill Taker","2.006 PAXG","3,960.7","$7,945.16","$3.18","-$0.69"
"2025-10-29 02:34:17","PAXG","Close Long","Fulfill Taker","0.309 PAXG","3,961.7","$1,224.17","$0.49","+$0.2"
"2025-10-29 02:34:17","PAXG","Close Long","Fulfill Taker","0.036 PAXG","3,961.7","$142.62","$0.06","+$0.02"
"2025-10-29 02:34:07","PAXG","Open Long","Fulfill Maker","11.873 PAXG","3,960.5","$47,023.02","$7.05","-$7.05"
"2025-10-29 02:32:43","PAXG","Open Long","Fulfill Maker","10.675 PAXG","3,961","$42,283.68","$6.34","-$6.34"
"2025-10-29 02:30:59","PAXG","Open Long","Fulfill Maker","0.003 PAXG","3,958.3","$11.87","$0","-$0"
"2025-10-29 02:30:54","PAXG","Open Long","Fulfill Maker","0.001 PAXG","3,958.3","$3.96","$0","-$0"
"2025-10-29 02:30:48","PAXG","Open Long","Fulfill Maker","0.001 PAXG","3,958.3","$3.96","$0","-$0"
"2025-10-29 02:30:43","PAXG","Open Long","Fulfill Maker","0.001 PAXG","3,958.3","$3.96","$0","-$0"
"2025-10-29 02:30:36","PAXG","Open Long","Fulfill Maker","5.588 PAXG","3,958.3","$22,118.98","$3.32","-$3.32"
"2025-10-29 02:30:36","PAXG","Open Long","Fulfill Maker","0.35 PAXG","3,958.3","$1,385.41","$0.21","-$0.21"
"2025-10-29 02:30:32","PAXG","Open Long","Fulfill Maker","0.001 PAXG","3,958.3","$3.96","$0","-$0"
"2025-10-29 02:30:22","PAXG","Open Long","Fulfill Maker","7.391 PAXG","3,958.3","$29,255.8","$4.39","-$4.39"
"2025-10-29 02:30:22","PAXG","Open Long","Fulfill Maker","0.351 PAXG","3,958.3","$1,389.36","$0.21","-$0.21"
"2025-10-29 02:30:04","PAXG","Open Long","Fulfill Maker","0.003 PAXG","3,958.3","$11.87","$0","-$0"
"2025-10-29 02:29:52","PAXG","Open Long","Fulfill Maker","11.05 PAXG","3,958.3","$43,739.22","$6.56","-$6.56"
"2025-10-28 15:12:34","ZEC","Close Short","Fulfill Taker","0.15 ZEC","314.6","$47.19","$0.02","+$3.15"
"2025-10-28 15:12:13","ZEC","Close Short","Fulfill Maker","0.01 ZEC","314.1","$3.14","$0","+$0.22"
"2025-10-28 15:12:10","ZEC","Close Short","Fulfill Maker","80.84 ZEC","314.1","$25,391.84","$3.81","+$1,742.3"
"2025-10-28 15:11:25","ZEC","Close Short","Fulfill Maker","85.87 ZEC","314.2","$26,980.35","$4.05","+$1,842.13"
"2025-10-28 15:11:24","ZEC","Close Short","Fulfill Maker","0.01 ZEC","314.2","$3.14","$0","+$0.21"
"2025-10-28 15:10:46","ZEC","Close Short","Fulfill Taker","2 ZEC","314.6","$629.2","$0.25","+$41.95"
"2025-10-28 15:10:30","ZEC","Close Short","Fulfill Maker","0.01 ZEC","314.6","$3.15","$0","+$0.21"
"2025-10-28 15:10:21","ZEC","Close Short","Fulfill Maker","0.59 ZEC","314.6","$185.61","$0.03","+$12.42"
"2025-10-28 15:10:21","ZEC","Close Short","Fulfill Maker","0.11 ZEC","314.7","$34.62","$0.01","+$2.3"
"2025-10-28 15:10:21","ZEC","Close Short","Fulfill Maker","0.79 ZEC","314.7","$248.61","$0.04","+$16.55"
"2025-10-28 15:10:20","ZEC","Close Short","Fulfill Maker","0.9 ZEC","314.7","$283.23","$0.04","+$18.86"
"2025-10-28 15:10:20","ZEC","Close Short","Fulfill Maker","2.4 ZEC","314.7","$755.28","$0.11","+$50.29"
"2025-10-28 15:10:19","ZEC","Close Short","Fulfill Maker","0.11 ZEC","314.7","$34.62","$0.01","+$2.3"
"2025-10-28 15:10:19","ZEC","Close Short","Fulfill Maker","0.44 ZEC","314.7","$138.47","$0.02","+$9.22"
"2025-10-28 15:10:19","ZEC","Close Short","Fulfill Maker","3.17 ZEC","314.7","$997.6","$0.15","+$66.42"
"2025-10-28 15:10:19","ZEC","Close Short","Fulfill Maker","0.01 ZEC","314.7","$3.15","$0","+$0.21"
"2025-10-28 15:10:18","ZEC","Close Short","Fulfill Maker","0.23 ZEC","314.7","$72.38","$0.01","+$4.82"
"2025-10-28 15:10:18","ZEC","Close Short","Fulfill Maker","0.24 ZEC","314.7","$75.53","$0.01","+$5.03"
"2025-10-28 15:10:14","ZEC","Close Short","Fulfill Maker","0.36 ZEC","314.7","$113.29","$0.02","+$7.54"
"2025-10-28 15:10:13","ZEC","Close Short","Fulfill Maker","0.3 ZEC","314.7","$94.41","$0.01","+$6.29"
"2025-10-28 15:10:13","ZEC","Close Short","Fulfill Maker","0.01 ZEC","314.7","$3.15","$0","+$0.21"
"2025-10-28 15:10:13","ZEC","Close Short","Fulfill Maker","0.11 ZEC","314.7","$34.62","$0.01","+$2.3"
"2025-10-28 15:10:13","ZEC","Close Short","Fulfill Maker","3.17 ZEC","314.7","$997.6","$0.15","+$66.42"
"2025-10-28 15:10:12","ZEC","Close Short","Fulfill Maker","1.56 ZEC","314.7","$490.93","$0.07","+$32.69"
"2025-10-28 15:10:10","ZEC","Close Short","Fulfill Maker","0.12 ZEC","314.7","$37.76","$0.01","+$2.51"
"2025-10-28 15:10:09","ZEC","Close Short","Fulfill Maker","0.71 ZEC","314.7","$223.44","$0.03","+$14.88"
"2025-10-28 15:10:09","ZEC","Close Short","Fulfill Maker","0.71 ZEC","314.7","$223.44","$0.03","+$14.88"
"2025-10-28 15:10:08","ZEC","Close Short","Fulfill Maker","0.01 ZEC","314.7","$3.15","$0","+$0.21"
"2025-10-28 15:10:02","ZEC","Close Short","Fulfill Maker","0.01 ZEC","314.7","$3.15","$0","+$0.21"
"2025-10-28 15:09:51","ZEC","Close Short","Fulfill Maker","0.01 ZEC","314.7","$3.15","$0","+$0.21"
"2025-10-28 15:09:40","ZEC","Close Short","Fulfill Maker","0.01 ZEC","314.5","$3.15","$0","+$0.21"
"2025-10-28 15:09:35","ZEC","Close Short","Fulfill Maker","0.01 ZEC","314.5","$3.15","$0","+$0.21"
"2025-10-28 14:28:28","ZEC","Close Short","Fulfill Maker","0.01 ZEC","316.5","$3.17","$0","+$0.19"
"2025-10-28 14:26:22","ZEC","Close Short","Fulfill Maker","0.04 ZEC","316.22","$12.65","$0","+$0.78"
"2025-10-28 14:26:17","ZEC","Close Short","Fulfill Taker","32.04 ZEC","316.22","$10,131.69","$4.05","+$620.07"
"2025-10-28 14:26:06","ZEC","Close Short","Fulfill Maker","0.04 ZEC","316.1","$12.64","$0","+$0.78"
"2025-10-28 14:26:01","ZEC","Close Short","Fulfill Maker","0.01 ZEC","316.1","$3.16","$0","+$0.2"
"2025-10-28 14:25:44","ZEC","Close Short","Fulfill Maker","0.01 ZEC","316.2","$3.16","$0","+$0.19"
"2025-10-28 14:25:43","ZEC","Close Short","Fulfill Maker","0.05 ZEC","316.2","$15.81","$0","+$0.97"
"2025-10-28 14:25:42","ZEC","Close Short","Fulfill Maker","0.51 ZEC","316.2","$161.26","$0.02","+$9.92"
"2025-10-28 14:25:42","ZEC","Close Short","Fulfill Maker","3.04 ZEC","316.2","$961.25","$0.14","+$59.13"
"2025-10-28 14:25:42","ZEC","Close Short","Fulfill Maker","31.62 ZEC","316.2","$9,998.24","$1.5","+$615.08"
"2025-10-28 14:25:41","ZEC","Close Short","Fulfill Maker","0.14 ZEC","316.2","$44.27","$0.01","+$2.72"
"2025-10-28 14:25:39","ZEC","Close Short","Fulfill Maker","0.06 ZEC","316.2","$18.97","$0","+$1.17"
"2025-10-28 14:23:45","ZEC","Close Short","Fulfill Maker","0.04 ZEC","316","$12.64","$0","+$0.79"
"2025-10-28 14:23:39","ZEC","Close Short","Fulfill Maker","0.01 ZEC","316","$3.16","$0","+$0.2"
"2025-10-28 14:19:05","ZEC","Close Short","Fulfill Maker","59.24 ZEC","316.4","$18,743.54","$2.81","+$1,140.5"
"2025-10-28 14:17:58","ZEC","Close Short","Fulfill Maker","50.76 ZEC","316.5","$16,065.54","$2.41","+$972.16"
"2025-10-28 06:06:17","ZEC","Close Short","Fulfill Maker","1.73 ZEC","326.2","$564.33","$0.08","+$16.35"
"2025-10-28 06:06:16","ZEC","Close Short","Fulfill Maker","0.77 ZEC","326.2","$251.17","$0.04","+$7.28"
"2025-10-28 06:06:15","ZEC","Close Short","Fulfill Maker","3.06 ZEC","326.2","$998.17","$0.15","+$28.92"
"2025-10-28 06:06:15","ZEC","Close Short","Fulfill Maker","0.15 ZEC","326.2","$48.93","$0.01","+$1.42"
"2025-10-28 06:06:14","ZEC","Close Short","Fulfill Maker","2.85 ZEC","326.2","$929.67","$0.14","+$26.93"
"2025-10-28 06:06:13","ZEC","Close Short","Fulfill Maker","0.92 ZEC","326.2","$300.1","$0.05","+$8.69"
"2025-10-28 06:06:13","ZEC","Close Short","Fulfill Maker","2.01 ZEC","326.2","$655.66","$0.1","+$19"
"2025-10-28 06:06:13","ZEC","Close Short","Fulfill Maker","0.01 ZEC","326.2","$3.26","$0","+$0.09"
"2025-10-28 06:06:12","ZEC","Close Short","Fulfill Maker","3.06 ZEC","326.2","$998.17","$0.15","+$28.92"
"2025-10-28 06:06:11","ZEC","Close Short","Fulfill Maker","3.06 ZEC","326.2","$998.17","$0.15","+$28.92"
"2025-10-28 06:06:10","ZEC","Close Short","Fulfill Maker","0.23 ZEC","326.2","$75.03","$0.01","+$2.17"
"2025-10-28 06:06:10","ZEC","Close Short","Fulfill Maker","3.06 ZEC","326.2","$998.17","$0.15","+$28.92"
"2025-10-28 06:06:09","ZEC","Close Short","Fulfill Maker","0.69 ZEC","326.2","$225.08","$0.03","+$6.52"
"2025-10-28 06:06:08","ZEC","Close Short","Fulfill Maker","3.06 ZEC","326.2","$998.17","$0.15","+$28.92"
"2025-10-28 06:06:07","ZEC","Close Short","Fulfill Maker","2.74 ZEC","326.2","$893.79","$0.13","+$25.89"
"2025-10-28 06:06:06","ZEC","Close Short","Fulfill Maker","0.91 ZEC","326.2","$296.84","$0.04","+$8.6"
"2025-10-28 06:06:06","ZEC","Close Short","Fulfill Maker","2.29 ZEC","326.2","$747","$0.11","+$21.64"
"2025-10-28 06:06:05","ZEC","Close Short","Fulfill Maker","1.94 ZEC","326.2","$632.83","$0.09","+$18.33"
"2025-10-28 06:06:04","ZEC","Close Short","Fulfill Maker","0.59 ZEC","326.2","$192.46","$0.03","+$5.58"
"2025-10-28 06:06:03","ZEC","Close Short","Fulfill Maker","0.46 ZEC","326.2","$150.05","$0.02","+$4.35"
"2025-10-28 06:05:09","ZEC","Close Short","Fulfill Maker","0.04 ZEC","326.2","$13.05","$0","+$0.38"
"2025-10-28 06:04:52","ZEC","Close Short","Fulfill Maker","0.04 ZEC","326.2","$13.05","$0","+$0.38"
"2025-10-28 06:04:46","ZEC","Close Short","Fulfill Maker","0.01 ZEC","326.2","$3.26","$0","+$0.09"
"2025-10-28 06:04:45","ZEC","Close Short","Fulfill Maker","0.27 ZEC","326.2","$88.07","$0.01","+$2.55"
"2025-10-28 06:04:44","ZEC","Close Short","Fulfill Maker","3.06 ZEC","326.2","$998.17","$0.15","+$28.92"
"2025-10-28 05:20:52","ZEC","Close Short","Fulfill Maker","0.01 ZEC","326.2","$3.26","$0","+$0.09"
"2025-10-28 05:20:48","ZEC","Close Short","Fulfill Maker","0.96 ZEC","326.2","$313.15","$0.05","+$9.07"
"2025-10-28 05:20:46","ZEC","Close Short","Fulfill Maker","0.01 ZEC","326.2","$3.26","$0","+$0.09"
"2025-10-28 05:12:17","ZEC","Close Short","Fulfill Maker","59.85 ZEC","325.8","$19,499.13","$2.92","+$589.57"
"2025-10-28 05:11:41","ZEC","Close Short","Fulfill Maker","81.25 ZEC","325.8","$26,471.25","$3.97","+$800.37"
"2025-10-28 04:52:09","ZEC","Close Short","Fulfill Maker","0.01 ZEC","323.2","$3.23","$0","+$0.12"
"2025-10-28 04:51:58","ZEC","Close Short","Fulfill Maker","0.01 ZEC","323.2","$3.23","$0","+$0.12"
"2025-10-28 04:51:52","ZEC","Close Short","Fulfill Maker","0.94 ZEC","323.2","$303.81","$0.05","+$11.7"
"2025-10-28 04:51:52","ZEC","Close Short","Fulfill Maker","0.01 ZEC","323.2","$3.23","$0","+$0.12"
"2025-10-28 04:51:46","ZEC","Close Short","Fulfill Maker","0.01 ZEC","323.2","$3.23","$0","+$0.12"
"2025-10-28 01:51:50","ZEC","Open Short","Fulfill Taker","8.38 ZEC","336.94","$2,823.56","$1.13","-$1.13"
"2025-10-28 01:51:50","ZEC","Open Short","Fulfill Taker","29.91 ZEC","337.01","$10,079.97","$4.03","-$4.03"
"2025-10-28 01:51:16","ZEC","Open Short","Fulfill Taker","77.38 ZEC","336.4","$26,030.63","$10.41","-$10.41"
"2025-10-28 01:50:47","ZEC","Open Short","Fulfill Taker","45.33 ZEC","336.2","$15,239.95","$6.1","-$6.1"
"2025-10-28 01:50:00","ZEC","Open Short","Fulfill Taker","37.08 ZEC","337.2","$12,503.38","$5","-$5"
"2025-10-28 01:48:53","ZEC","Open Short","Fulfill Taker","94.76 ZEC","336.1","$31,848.84","$12.74","-$12.74"
"2025-10-28 01:48:13","ZEC","Open Short","Fulfill Taker","88.06 ZEC","335.2","$29,517.71","$11.81","-$11.81"
"2025-10-28 01:46:32","ZEC","Open Short","Fulfill Taker","60.06 ZEC","334.8","$20,108.09","$8.04","-$8.04"
"2025-10-28 01:45:33","ZEC","Open Short","Fulfill Taker","101.71 ZEC","334.5","$34,022","$13.61","-$13.61"
"2025-10-27 11:29:08","PAXG","Close Short","Fulfill Taker","0.021 PAXG","4,002.4","$84.05","$0.03","+$2.03"
"2025-10-27 11:29:08","PAXG","Close Short","Fulfill Taker","0.008 PAXG","4,002.3","$32.02","$0.01","+$0.77"
"2025-10-27 11:29:08","PAXG","Close Short","Fulfill Taker","0.147 PAXG","4,002.3","$588.34","$0.24","+$14.19"
"2025-10-27 11:26:14","PAXG","Close Short","Fulfill Maker","0.003 PAXG","3,989","$11.97","$0","+$0.33"
"2025-10-27 11:26:09","PAXG","Close Short","Fulfill Maker","9.559 PAXG","3,989","$38,130.85","$5.72","+$1,059.46"
"2025-10-27 11:25:40","PAXG","Close Short","Fulfill Maker","0.003 PAXG","3,989","$11.97","$0","+$0.33"
"2025-10-27 11:25:34","PAXG","Close Short","Fulfill Maker","0.001 PAXG","3,989","$3.99","$0","+$0.11"
"2025-10-27 11:25:17","PAXG","Close Short","Fulfill Maker","0.003 PAXG","3,989","$11.97","$0","+$0.33"
"2025-10-27 11:25:11","PAXG","Close Short","Fulfill Maker","0.001 PAXG","3,989","$3.99","$0","+$0.11"
"2025-10-27 11:25:06","PAXG","Close Short","Fulfill Maker","0.001 PAXG","3,989","$3.99","$0","+$0.11"
"2025-10-27 11:25:00","PAXG","Close Short","Fulfill Maker","0.001 PAXG","3,989","$3.99","$0","+$0.11"
"2025-10-27 11:24:43","PAXG","Close Short","Fulfill Maker","0.001 PAXG","3,989","$3.99","$0","+$0.11"
"2025-10-27 11:23:57","PAXG","Close Short","Fulfill Maker","0.003 PAXG","3,989","$11.97","$0","+$0.33"
"2025-10-27 11:23:11","PAXG","Close Short","Fulfill Maker","0.003 PAXG","3,989","$11.97","$0","+$0.33"
"2025-10-27 11:22:59","PAXG","Close Short","Fulfill Maker","0.003 PAXG","3,989","$11.97","$0","+$0.33"
"2025-10-27 11:22:53","PAXG","Close Short","Fulfill Maker","0.001 PAXG","3,989","$3.99","$0","+$0.11"
"2025-10-27 11:22:47","PAXG","Close Short","Fulfill Maker","0.001 PAXG","3,989","$3.99","$0","+$0.11"
"2025-10-27 11:22:42","PAXG","Close Short","Fulfill Maker","0.001 PAXG","3,989","$3.99","$0","+$0.11"
"2025-10-27 11:22:30","PAXG","Close Short","Fulfill Maker","0.001 PAXG","3,989","$3.99","$0","+$0.11"
"2025-10-27 11:20:40","PAXG","Close Short","Fulfill Maker","0.003 PAXG","3,989","$11.97","$0","+$0.33"
"2025-10-27 11:20:34","PAXG","Close Short","Fulfill Maker","0.001 PAXG","3,989","$3.99","$0","+$0.11"
"2025-10-27 11:20:17","PAXG","Close Short","Fulfill Maker","0.003 PAXG","3,989","$11.97","$0","+$0.33"
"2025-10-27 11:20:11","PAXG","Close Short","Fulfill Maker","0.001 PAXG","3,989","$3.99","$0","+$0.11"
"2025-10-27 11:19:52","PAXG","Close Short","Fulfill Maker","12.291 PAXG","3,989","$49,028.8","$7.35","+$1,362.26"
"2025-10-27 11:18:39","PAXG","Close Short","Fulfill Maker","4.202 PAXG","3,987","$16,753.37","$2.51","+$474.13"
"2025-10-27 11:17:09","PAXG","Close Short","Fulfill Maker","3.245 PAXG","3,993","$12,957.29","$1.94","+$346.67"
"2025-10-27 11:16:20","PAXG","Close Short","Fulfill Maker","3.647 PAXG","3,999","$14,584.35","$2.19","+$367.73"
"2025-10-27 11:15:52","PAXG","Close Short","Fulfill Maker","2.883 PAXG","4,000","$11,532","$1.73","+$287.82"
"2025-10-26 10:10:58","PAXG","Open Short","Fulfill Taker","4.162 PAXG","4,100.2","$17,065.03","$6.83","-$6.83"
"2025-10-26 10:10:58","PAXG","Open Short","Fulfill Taker","1.785 PAXG","4,100.2","$7,318.86","$2.93","-$2.93"
"2025-10-26 09:31:41","PAXG","Open Short","Fulfill Maker","0.003 PAXG","4,100","$12.3","$0","-$0"
"2025-10-26 09:31:19","PAXG","Open Short","Fulfill Maker","0.003 PAXG","4,100","$12.3","$0","-$0"
"2025-10-26 09:31:08","PAXG","Open Short","Fulfill Maker","4 PAXG","4,100","$16,400","$2.46","-$2.46"
"2025-10-26 09:31:07","PAXG","Open Short","Fulfill Maker","0.003 PAXG","4,100","$12.3","$0","-$0"
"2025-10-26 09:31:02","PAXG","Open Short","Fulfill Maker","0.001 PAXG","4,100","$4.1","$0","-$0"
"2025-10-26 09:30:56","PAXG","Open Short","Fulfill Maker","0.001 PAXG","4,100","$4.1","$0","-$0"
"2025-10-26 09:30:50","PAXG","Open Short","Fulfill Maker","0.001 PAXG","4,100","$4.1","$0","-$0"
"2025-10-26 09:30:39","PAXG","Open Short","Fulfill Maker","0.001 PAXG","4,100","$4.1","$0","-$0"
"2025-10-26 09:30:23","PAXG","Open Short","Fulfill Maker","0.003 PAXG","4,100","$12.3","$0","-$0"
"2025-10-26 09:30:17","PAXG","Open Short","Fulfill Maker","0.001 PAXG","4,100","$4.1","$0","-$0"
"2025-10-26 09:30:11","PAXG","Open Short","Fulfill Maker","0.001 PAXG","4,100","$4.1","$0","-$0"
"2025-10-26 09:30:10","PAXG","Open Short","Fulfill Maker","0.243 PAXG","4,100","$996.3","$0.15","-$0.15"
"2025-10-26 09:30:10","PAXG","Open Short","Fulfill Maker","0.243 PAXG","4,100","$996.3","$0.15","-$0.15"
"2025-10-26 09:30:06","PAXG","Open Short","Fulfill Maker","0.001 PAXG","4,100","$4.1","$0","-$0"
"2025-10-26 09:30:05","PAXG","Open Short","Fulfill Maker","0.243 PAXG","4,100","$996.3","$0.15","-$0.15"
"2025-10-26 09:30:05","PAXG","Open Short","Fulfill Maker","0.243 PAXG","4,100","$996.3","$0.15","-$0.15"
"2025-10-26 09:30:04","PAXG","Open Short","Fulfill Maker","0.243 PAXG","4,100","$996.3","$0.15","-$0.15"
"2025-10-26 09:30:03","PAXG","Open Short","Fulfill Maker","0.243 PAXG","4,100","$996.3","$0.15","-$0.15"
"2025-10-26 09:30:02","PAXG","Open Short","Fulfill Maker","0.243 PAXG","4,100","$996.3","$0.15","-$0.15"
"2025-10-26 09:30:02","PAXG","Open Short","Fulfill Maker","0.243 PAXG","4,100","$996.3","$0.15","-$0.15"
"2025-10-26 09:30:01","PAXG","Open Short","Fulfill Maker","0.243 PAXG","4,100","$996.3","$0.15","-$0.15"
"2025-10-26 09:30:00","PAXG","Open Short","Fulfill Maker","0.243 PAXG","4,100","$996.3","$0.15","-$0.15"
"2025-10-26 09:30:00","PAXG","Open Short","Fulfill Maker","0.243 PAXG","4,100","$996.3","$0.15","-$0.15"
"2025-10-26 09:29:59","PAXG","Open Short","Fulfill Maker","0.243 PAXG","4,100","$996.3","$0.15","-$0.15"
"2025-10-26 09:29:59","PAXG","Open Short","Fulfill Taker","0.058 PAXG","4,100","$237.8","$0.1","-$0.1"
"2025-10-26 09:29:59","PAXG","Open Short","Fulfill Taker","0.019 PAXG","4,100.3","$77.91","$0.03","-$0.03"
"2025-10-26 09:29:55","PAXG","Open Short","Fulfill Maker","0.001 PAXG","4,100.5","$4.1","$0","-$0"
"2025-10-26 09:29:31","PAXG","Open Short","Fulfill Maker","8 PAXG","4,100.5","$32,804","$4.92","-$4.92"
"2025-10-26 09:29:27","PAXG","Open Short","Fulfill Maker","0.003 PAXG","4,100.5","$12.3","$0","-$0"
"2025-10-26 09:29:16","PAXG","Open Short","Fulfill Maker","0.003 PAXG","4,100.5","$12.3","$0","-$0"
"2025-10-26 09:29:10","PAXG","Open Short","Fulfill Maker","0.001 PAXG","4,100.5","$4.1","$0","-$0"
"2025-10-26 09:29:00","PAXG","Open Short","Fulfill Taker","0.023 PAXG","4,100.6","$94.31","$0.04","-$0.04"
"2025-10-26 09:29:00","PAXG","Open Short","Fulfill Taker","0.137 PAXG","4,100.7","$561.8","$0.22","-$0.22"
"2025-10-26 09:28:42","PAXG","Open Short","Fulfill Maker","0.003 PAXG","4,100.8","$12.3","$0","-$0"
"2025-10-26 09:28:42","PAXG","Open Short","Fulfill Taker","0.028 PAXG","4,100.8","$114.82","$0.05","-$0.05"
"2025-10-26 09:28:42","PAXG","Open Short","Fulfill Taker","0.563 PAXG","4,100.9","$2,308.81","$0.92","-$0.92"
"2025-10-26 09:28:42","PAXG","Open Short","Fulfill Taker","0.132 PAXG","4,100.9","$541.32","$0.22","-$0.22"
"2025-10-26 09:28:31","PAXG","Open Short","Fulfill Maker","0.003 PAXG","4,101","$12.3","$0","-$0"
"2025-10-26 09:28:26","PAXG","Open Short","Fulfill Maker","0.001 PAXG","4,101","$4.1","$0","-$0"
"2025-10-26 09:28:20","PAXG","Open Short","Fulfill Maker","0.001 PAXG","4,101","$4.1","$0","-$0"
"2025-10-26 09:28:14","PAXG","Open Short","Fulfill Maker","0.001 PAXG","4,101","$4.1","$0","-$0"
"2025-10-26 09:28:03","PAXG","Open Short","Fulfill Maker","0.001 PAXG","4,101","$4.1","$0","-$0"
"2025-10-26 09:27:51","PAXG","Open Short","Fulfill Maker","0.001 PAXG","4,101","$4.1","$0","-$0"
"2025-10-26 09:27:45","PAXG","Open Short","Fulfill Maker","0.001 PAXG","4,101","$4.1","$0","-$0"
"2025-10-26 09:27:34","PAXG","Open Short","Fulfill Maker","0.001 PAXG","4,100","$4.1","$0","-$0"
"2025-10-26 09:27:28","PAXG","Open Short","Fulfill Maker","0.001 PAXG","4,100","$4.1","$0","-$0"
"2025-10-26 09:27:27","PAXG","Open Short","Fulfill Maker","0.143 PAXG","4,100","$586.3","$0.09","-$0.09"
"2025-10-26 09:27:27","PAXG","Open Short","Fulfill Maker","0.143 PAXG","4,100","$586.3","$0.09","-$0.09"
"2025-10-26 09:27:23","PAXG","Open Short","Fulfill Maker","0.001 PAXG","4,100","$4.1","$0","-$0"
"2025-10-26 09:27:21","PAXG","Open Short","Fulfill Maker","0.143 PAXG","4,100","$586.3","$0.09","-$0.09"
"2025-10-26 09:27:21","PAXG","Open Short","Fulfill Maker","0.142 PAXG","4,100","$582.2","$0.09","-$0.09"
"2025-10-26 09:27:20","PAXG","Open Short","Fulfill Maker","0.145 PAXG","4,100","$594.5","$0.09","-$0.09"
"2025-10-26 09:27:20","PAXG","Open Short","Fulfill Maker","0.145 PAXG","4,100","$594.5","$0.09","-$0.09"
"2025-10-26 09:27:11","PAXG","Open Short","Fulfill Maker","0.001 PAXG","4,100","$4.1","$0","-$0"
"2025-10-26 09:27:06","PAXG","Open Short","Fulfill Maker","0.001 PAXG","4,100","$4.1","$0","-$0"
"2025-10-26 09:27:01","PAXG","Open Short","Fulfill Maker","0.142 PAXG","4,100","$582.2","$0.09","-$0.09"
"2025-10-26 09:27:01","PAXG","Open Short","Fulfill Maker","0.142 PAXG","4,100","$582.2","$0.09","-$0.09"
"2025-10-26 09:27:01","PAXG","Open Short","Fulfill Maker","0.146 PAXG","4,100","$598.6","$0.09","-$0.09"
"2025-10-26 09:27:01","PAXG","Open Short","Fulfill Maker","0.139 PAXG","4,100","$569.9","$0.09","-$0.09"
"2025-10-26 09:27:01","PAXG","Open Short","Fulfill Maker","0.14 PAXG","4,100","$574","$0.09","-$0.09"
"2025-10-26 09:27:00","PAXG","Open Short","Fulfill Maker","0.001 PAXG","4,100","$4.1","$0","-$0"
"2025-10-26 09:26:49","PAXG","Open Short","Fulfill Maker","0.001 PAXG","4,100","$4.1","$0","-$0"
"2025-10-26 09:26:21","PAXG","Open Short","Fulfill Maker","0.003 PAXG","4,100","$12.3","$0","-$0"
"2025-10-26 09:26:02","PAXG","Open Short","Fulfill Taker","0.01 PAXG","4,100","$41","$0.02","-$0.02"
"2025-10-26 09:26:02","PAXG","Open Short","Fulfill Taker","0.037 PAXG","4,100","$151.7","$0.06","-$0.06"
"2025-10-26 09:26:02","PAXG","Open Short","Fulfill Taker","0.14 PAXG","4,100.1","$574.01","$0.23","-$0.23"
"2025-10-26 09:26:02","PAXG","Open Short","Fulfill Taker","0.037 PAXG","4,100.4","$151.71","$0.06","-$0.06"
"2025-10-26 09:26:02","PAXG","Open Short","Fulfill Taker","11.335 PAXG","4,100","$46,473.5","$18.59","-$18.59"
"2025-10-26 09:26:02","PAXG","Open Short","Fulfill Taker","0.037 PAXG","4,100.4","$151.71","$0.06","-$0.06"
"2025-10-24 19:42:45","PAXG","Open Short","Fulfill Taker","0.819 PAXG","4,109.5","$3,365.68","$1.35","-$1.35"
"2025-10-24 19:42:45","PAXG","Open Short","Fulfill Taker","0.145 PAXG","4,109.8","$595.92","$0.24","-$0.24"
"2025-10-24 19:42:45","PAXG","Open Short","Fulfill Taker","0.036 PAXG","4,109.9","$147.96","$0.06","-$0.06"
"2025-10-22 12:04:16","PAXG","Close Long","Fulfill Maker","8.869 PAXG","4,036.5","$35,799.72","$5.37","-$994.1"
"2025-10-22 12:03:44","PAXG","Close Long","Fulfill Taker","7.555 PAXG","4,037","$30,499.54","$12.2","-$850.66"
"2025-10-22 12:02:33","PAXG","Close Long","Fulfill Taker","7.12 PAXG","4,034","$28,722.08","$11.49","-$823.03"
"2025-10-22 12:02:33","PAXG","Close Long","Fulfill Taker","0.283 PAXG","4,035.9","$1,142.16","$0.46","-$32.18"
"2025-10-22 12:01:07","PAXG","Close Long","Fulfill Taker","13.772 PAXG","4,029","$55,487.39","$22.19","-$1,660.8"
"2025-10-22 11:49:51","PAXG","Close Long","Fulfill Taker","8.978 PAXG","4,032","$36,199.3","$14.48","-$1,055.76"
"2025-10-22 11:49:51","PAXG","Close Long","Fulfill Taker","0.034 PAXG","4,032","$137.09","$0.05","-$4"
"2025-10-22 11:49:51","PAXG","Close Long","Fulfill Taker","1.228 PAXG","4,032.1","$4,951.42","$1.98","-$144.28"
"2025-10-22 03:50:13","PAXG","Open Long","Fulfill Taker","0.827 PAXG","4,164","$3,443.63","$1.38","-$1.38"
"2025-10-22 03:50:13","PAXG","Open Long","Fulfill Taker","1.173 PAXG","4,164","$4,884.37","$1.95","-$1.95"
"2025-10-22 03:49:57","PAXG","Open Long","Fulfill Taker","8.097 PAXG","4,164","$33,715.91","$13.49","-$13.49"
"2025-10-22 03:49:57","PAXG","Open Long","Fulfill Taker","1.177 PAXG","4,164","$4,901.03","$1.96","-$1.96"
"2025-10-22 03:49:43","PAXG","Open Long","Fulfill Taker","4.735 PAXG","4,164","$19,716.54","$7.89","-$7.89"
"2025-10-22 03:49:43","PAXG","Open Long","Fulfill Taker","1.178 PAXG","4,164","$4,905.19","$1.96","-$1.96"
"2025-10-22 03:45:09","PAXG","Open Long","Fulfill Maker","1.811 PAXG","4,164","$7,541","$1.13","-$1.13"
"2025-10-22 03:45:08","PAXG","Open Long","Fulfill Maker","0.003 PAXG","4,164","$12.49","$0","-$0"
"2025-10-22 03:45:08","PAXG","Open Long","Fulfill Maker","0.24 PAXG","4,164","$999.36","$0.15","-$0.15"
"2025-10-22 03:45:08","PAXG","Open Long","Fulfill Taker","0.077 PAXG","4,163.6","$320.6","$0.13","-$0.13"
"2025-10-22 03:45:08","PAXG","Open Long","Fulfill Taker","0.005 PAXG","4,163.5","$20.82","$0.01","-$0.01"
"2025-10-22 03:45:08","PAXG","Open Long","Fulfill Taker","0.026 PAXG","4,163.4","$108.25","$0.04","-$0.04"
"2025-10-22 03:45:08","PAXG","Open Long","Fulfill Taker","1.126 PAXG","4,163","$4,687.54","$1.88","-$1.88"
"2025-10-22 03:44:51","PAXG","Open Long","Fulfill Maker","0.033 PAXG","4,164","$137.41","$0.02","-$0.02"
"2025-10-22 03:44:40","PAXG","Open Long","Fulfill Maker","0.003 PAXG","4,164","$12.49","$0","-$0"
"2025-10-22 03:43:00","PAXG","Open Long","Fulfill Maker","6.261 PAXG","4,159","$26,039.5","$3.91","-$3.91"
"2025-10-22 01:59:19","PAXG","Open Long","Fulfill Maker","0.001 PAXG","4,131","$4.13","$0","-$0"
"2025-10-22 01:59:13","PAXG","Open Long","Fulfill Maker","0.001 PAXG","4,131","$4.13","$0","-$0"
"2025-10-22 01:58:46","PAXG","Open Long","Fulfill Maker","0.003 PAXG","4,131","$12.39","$0","-$0"
"2025-10-22 01:58:25","PAXG","Open Long","Fulfill Maker","0.003 PAXG","4,131","$12.39","$0","-$0"
"2025-10-22 01:58:14","PAXG","Open Long","Fulfill Maker","0.003 PAXG","4,131","$12.39","$0","-$0"
"2025-10-22 01:58:09","PAXG","Open Long","Fulfill Maker","0.001 PAXG","4,131","$4.13","$0","-$0"
"2025-10-22 01:58:03","PAXG","Open Long","Fulfill Maker","0.001 PAXG","4,131","$4.13","$0","-$0"
"2025-10-22 01:57:58","PAXG","Open Long","Fulfill Maker","0.001 PAXG","4,131","$4.13","$0","-$0"
"2025-10-22 01:57:47","PAXG","Open Long","Fulfill Maker","0.001 PAXG","4,131","$4.13","$0","-$0"
"2025-10-22 01:57:04","PAXG","Open Long","Fulfill Maker","0.001 PAXG","4,131","$4.13","$0","-$0"
"2025-10-22 01:56:48","PAXG","Open Long","Fulfill Maker","0.003 PAXG","4,131","$12.39","$0","-$0"
"2025-10-22 01:56:42","PAXG","Open Long","Fulfill Maker","0.001 PAXG","4,131","$4.13","$0","-$0"
"2025-10-22 01:56:37","PAXG","Open Long","Fulfill Maker","0.001 PAXG","4,131","$4.13","$0","-$0"
"2025-10-22 01:56:31","PAXG","Open Long","Fulfill Maker","0.001 PAXG","4,131","$4.13","$0","-$0"
"2025-10-22 01:56:20","PAXG","Open Long","Fulfill Maker","0.001 PAXG","4,131","$4.13","$0","-$0"
"2025-10-22 01:56:15","PAXG","Open Long","Fulfill Maker","0.001 PAXG","4,131","$4.13","$0","-$0"
"2025-10-22 01:56:09","PAXG","Open Long","Fulfill Maker","0.001 PAXG","4,131","$4.13","$0","-$0"
"2025-10-22 01:55:58","PAXG","Open Long","Fulfill Maker","0.001 PAXG","4,131","$4.13","$0","-$0"
"2025-10-22 01:55:53","PAXG","Open Long","Fulfill Maker","0.001 PAXG","4,131","$4.13","$0","-$0"
"2025-10-22 01:55:48","PAXG","Open Long","Fulfill Maker","0.001 PAXG","4,131","$4.13","$0","-$0"
"2025-10-22 01:55:37","PAXG","Open Long","Fulfill Maker","0.001 PAXG","4,131","$4.13","$0","-$0"
"2025-10-22 01:55:21","PAXG","Open Long","Fulfill Maker","0.003 PAXG","4,131","$12.39","$0","-$0"
"2025-10-22 01:55:15","PAXG","Open Long","Fulfill Maker","0.001 PAXG","4,131","$4.13","$0","-$0"
"2025-10-22 01:55:10","PAXG","Open Long","Fulfill Maker","0.001 PAXG","4,131","$4.13","$0","-$0"
"2025-10-22 01:55:04","PAXG","Open Long","Fulfill Maker","0.001 PAXG","4,131","$4.13","$0","-$0"
"2025-10-22 01:54:54","PAXG","Open Long","Fulfill Maker","0.001 PAXG","4,131","$4.13","$0","-$0"
"2025-10-22 01:53:53","PAXG","Open Long","Fulfill Maker","3.503 PAXG","4,131","$14,470.89","$2.17","-$2.17"
"2025-10-22 01:52:16","PAXG","Open Long","Fulfill Maker","9.298 PAXG","4,129.5","$38,396.09","$5.76","-$5.76"
"2025-10-22 01:51:17","PAXG","Open Long","Fulfill Maker","8.229 PAXG","4,128","$33,969.31","$5.1","-$5.1"
"2025-10-22 01:51:17","PAXG","Open Long","Fulfill Maker","0.001 PAXG","4,128","$4.13","$0","-$0"
"2025-10-21 23:49:56","ASTER","Close Short","Fulfill Maker","36706.71 ASTER","1.0436","$38,307.12","$5.75","+$2,385.77"
"2025-10-21 23:48:17","ASTER","Close Short","Fulfill Maker","14274.83 ASTER","1.0452","$14,920.05","$2.24","+$904.96"
"2025-10-21 23:47:27","ASTER","Close Short","Fulfill Maker","7617.92 ASTER","1.0447","$7,958.44","$1.19","+$486.75"
"2025-10-21 23:44:59","ASTER","Close Short","Fulfill Maker","31553.55 ASTER","1.0442","$32,948.22","$4.94","+$2,031.9"
"2025-10-21 18:35:55","ASTER","Open Short","Fulfill Taker","45105 ASTER","1.112","$50,156.76","$20.06","-$20.06"
"2025-10-21 18:32:42","ASTER","Open Short","Fulfill Taker","45048.01 ASTER","1.1055","$49,800.58","$19.92","-$19.92"
"2025-10-20 20:37:30","XPL","Close Long","Fulfill Taker","332 XPL","0.3975","$131.97","$0.05","+$0.92"
"2025-10-20 20:37:10","XPL","Close Long","Fulfill Maker","109530 XPL","0.3984","$43,636.75","$6.55","+$411.91"
"2025-10-20 20:36:29","XPL","Close Long","Fulfill Maker","82876 XPL","0.3989","$33,059.24","$4.96","+$353.11"
"2025-10-20 20:36:29","XPL","Close Long","Fulfill Maker","1 XPL","0.3989","$0.4","$0","+$0"
"2025-10-20 20:35:43","XPL","Close Long","Fulfill Maker","5999 XPL","0.3985","$2,390.6","$0.36","+$23.16"
"2025-10-20 20:35:40","XPL","Close Long","Fulfill Maker","1 XPL","0.3985","$0.4","$0","+$0"
"2025-10-20 20:35:25","XPL","Close Long","Fulfill Maker","4098 XPL","0.3986","$1,633.46","$0.25","+$16.23"
"2025-10-20 20:35:25","XPL","Close Long","Fulfill Maker","2506 XPL","0.3986","$998.89","$0.15","+$9.93"
"2025-10-20 20:35:25","XPL","Close Long","Fulfill Maker","27 XPL","0.3986","$10.76","$0","+$0.11"
"2025-10-20 20:35:25","XPL","Close Long","Fulfill Maker","27 XPL","0.3986","$10.76","$0","+$0.11"
"2025-10-20 20:35:25","XPL","Close Long","Fulfill Maker","11033 XPL","0.3986","$4,397.75","$0.66","+$43.7"
"2025-10-20 20:35:24","XPL","Close Long","Fulfill Maker","27 XPL","0.3986","$10.76","$0","+$0.11"
"2025-10-20 20:35:24","XPL","Close Long","Fulfill Maker","27 XPL","0.3986","$10.76","$0","+$0.11"
"2025-10-20 20:35:24","XPL","Close Long","Fulfill Maker","2506 XPL","0.3986","$998.89","$0.15","+$9.93"
"2025-10-20 20:35:24","XPL","Close Long","Fulfill Maker","27 XPL","0.3986","$10.76","$0","+$0.11"
"2025-10-20 20:35:24","XPL","Close Long","Fulfill Maker","27 XPL","0.3986","$10.76","$0","+$0.11"
"2025-10-20 20:35:24","XPL","Close Long","Fulfill Maker","1 XPL","0.3986","$0.4","$0","+$0"
"2025-10-20 20:35:23","XPL","Close Long","Fulfill Maker","2505 XPL","0.3986","$998.49","$0.15","+$9.92"
"2025-10-20 20:35:23","XPL","Close Long","Fulfill Maker","1934 XPL","0.3986","$770.89","$0.12","+$7.66"
"2025-10-20 20:35:23","XPL","Close Long","Fulfill Maker","1934 XPL","0.3986","$770.89","$0.12","+$7.66"
"2025-10-20 20:35:23","XPL","Close Long","Fulfill Maker","1934 XPL","0.3986","$770.89","$0.12","+$7.66"
"2025-10-20 20:35:23","XPL","Close Long","Fulfill Maker","1930 XPL","0.3986","$769.3","$0.12","+$7.64"
"2025-10-20 20:35:23","XPL","Close Long","Fulfill Maker","1930 XPL","0.3986","$769.3","$0.12","+$7.64"
"2025-10-20 20:35:22","XPL","Close Long","Fulfill Maker","1930 XPL","0.3986","$769.3","$0.12","+$7.64"
"2025-10-20 20:35:22","XPL","Close Long","Fulfill Maker","1930 XPL","0.3986","$769.3","$0.12","+$7.64"
"2025-10-20 20:35:22","XPL","Close Long","Fulfill Maker","2505 XPL","0.3986","$998.49","$0.15","+$9.92"
"2025-10-20 20:35:22","XPL","Close Long","Fulfill Maker","1930 XPL","0.3986","$769.3","$0.12","+$7.64"
"2025-10-20 20:35:22","XPL","Close Long","Fulfill Maker","11034 XPL","0.3986","$4,398.15","$0.66","+$43.7"
"2025-10-20 20:35:22","XPL","Close Long","Fulfill Maker","27 XPL","0.3986","$10.76","$0","+$0.11"
"2025-10-20 20:35:22","XPL","Close Long","Fulfill Maker","27 XPL","0.3986","$10.76","$0","+$0.11"
"2025-10-20 20:35:22","XPL","Close Long","Fulfill Maker","1930 XPL","0.3986","$769.3","$0.12","+$7.64"
"2025-10-20 20:35:22","XPL","Close Long","Fulfill Maker","2000 XPL","0.3986","$797.2","$0.12","+$7.92"
"2025-10-20 20:35:22","XPL","Close Long","Fulfill Maker","2050 XPL","0.3986","$817.13","$0.12","+$8.12"
"2025-10-20 20:35:22","XPL","Close Long","Fulfill Maker","2500 XPL","0.3986","$996.5","$0.15","+$9.9"
"2025-10-20 20:35:22","XPL","Close Long","Fulfill Maker","27 XPL","0.3986","$10.76","$0","+$0.11"
"2025-10-20 20:35:22","XPL","Close Long","Fulfill Maker","80 XPL","0.3986","$31.89","$0","+$0.32"
"2025-10-20 20:35:22","XPL","Close Long","Fulfill Maker","27 XPL","0.3986","$10.76","$0","+$0.11"
"2025-10-20 20:35:22","XPL","Close Long","Fulfill Maker","7696 XPL","0.3986","$3,067.63","$0.46","+$30.48"
"2025-10-20 20:35:22","XPL","Close Long","Fulfill Maker","9754 XPL","0.3986","$3,887.94","$0.58","+$38.63"
"2025-10-20 20:35:19","XPL","Close Long","Fulfill Maker","11035 XPL","0.3986","$4,398.55","$0.66","+$43.71"
"2025-10-20 20:35:18","XPL","Close Long","Fulfill Maker","1 XPL","0.3986","$0.4","$0","+$0"
"2025-10-20 20:35:13","XPL","Close Long","Fulfill Maker","1 XPL","0.3986","$0.4","$0","+$0"
"2025-10-20 20:35:07","XPL","Close Long","Fulfill Maker","1 XPL","0.3986","$0.4","$0","+$0"
"2025-10-20 20:35:02","XPL","Close Long","Fulfill Maker","1 XPL","0.3986","$0.4","$0","+$0"
"2025-10-20 20:35:00","XPL","Close Long","Fulfill Maker","11040 XPL","0.3986","$4,400.54","$0.66","+$43.73"
"2025-10-20 20:34:57","XPL","Close Long","Fulfill Maker","1 XPL","0.3986","$0.4","$0","+$0"
"2025-10-20 20:32:23","XPL","Close Long","Fulfill Maker","135800 XPL","0.3985","$54,116.3","$8.12","+$524.28"
"2025-10-20 16:44:52","XPL","Open Long","Fulfill Taker","101467 XPL","0.3901","$39,582.28","$15.83","-$15.83"
"2025-10-20 16:44:09","XPL","Open Long","Fulfill Taker","63102 XPL","0.3894","$24,571.92","$9.83","-$9.83"
"2025-10-20 16:43:21","XPL","Open Long","Fulfill Taker","70000 XPL","0.3894","$27,258","$10.9","-$10.9"
"2025-10-20 16:41:51","ENA","Close Long","Fulfill Maker","90784 ENA","0.4522","$41,052.52","$6.16","-$462.67"
"2025-10-20 16:41:21","ENA","Close Long","Fulfill Maker","75983 ENA","0.4523","$34,367.11","$5.16","-$379.64"
"2025-10-20 16:37:35","ENA","Close Long","Fulfill Taker","43233 ENA","0.45231","$19,554.72","$7.82","-$220.47"
"2025-10-20 16:34:38","2Z","Close Long","Fulfill Maker","22008 2Z","0.233","$5,127.86","$0.77","+$41.05"
"2025-10-20 16:33:38","2Z","Close Long","Fulfill Maker","11887 2Z","0.233","$2,769.67","$0.42","+$22.17"
"2025-10-20 16:33:26","2Z","Close Long","Fulfill Maker","3887 2Z","0.233","$905.67","$0.14","+$7.25"
"2025-10-20 16:32:58","2Z","Close Long","Fulfill Maker","887 2Z","0.233","$206.67","$0.03","+$1.65"
"2025-10-20 16:32:44","2Z","Close Long","Fulfill Maker","1331 2Z","0.233","$310.12","$0.05","+$2.48"
"2025-10-20 16:28:15","XPL","Close Long","Fulfill Maker","30 XPL","0.3864","$11.59","$0","-$0.42"
"2025-10-20 13:38:01","2Z","Open Long","Fulfill Maker","40000 2Z","0.2311","$9,244","$1.39","-$1.39"
"2025-10-20 13:36:37","XPL","Open Long","Fulfill Maker","200000 XPL","0.4003","$80,060","$12.01","-$12.01"
"2025-10-20 13:35:13","ENA","Open Long","Fulfill Maker","200000 ENA","0.4572","$91,440","$13.72","-$13.72"
"2025-10-20 13:32:42","ENA","Open Long","Fulfill Maker","10000 ENA","0.4578","$4,578","$0.69","-$0.69"